date,Active_Energy_Delivered_Received,Current_Phase_Average,Active_Power,Wind_Speed,Weather_Temperature_Celsius,Weather_Relative_Humidity,Global_Horizontal_Radiation,Diffuse_Horizontal_Radiation,Wind_Direction,Weather_Daily_Rainfall,Radiation_Global_Tilted,Radiation_Diffuse_Tilted
2022/3/11 17:00,279253,6.950333595,5.103367329,2.288605475,32.30219269,12.96648979,430.3643494,55.17592621,39.85338974,0,450.8666992,68.31732941
2022/3/11 17:05,279254,6.53799963,4.985766411,2.288605475,32.10273361,12.93463326,410.802948,56.71259689,40.23030472,0,428.1508179,66.32919312
2022/3/11 17:10,279254,6.145666599,4.872900009,2.288605475,32.12289429,12.92611599,386.9729004,52.51646805,40.0479126,0,406.5454407,63.76694107
2022/3/11 17:15,279255,5.746999741,4.752733707,2.288605475,32.01120377,13.03657818,363.7753906,50.27578354,39.84381104,0,387.2852478,62.50798035
2022/3/11 17:20,279255,5.343334198,4.613666534,2.288605475,31.7612114,13.06912041,341.6381531,51.00101089,39.86514282,0,365.953064,61.372715
2022/3/11 17:25,279255,4.942666531,4.475366592,2.288605475,31.63516235,13.09764194,317.261261,48.58776093,39.77589417,0,342.704895,59.04927444
2022/3/11 17:30,279256,4.54066658,4.347000122,2.288605475,31.49662018,13.34350014,294.958313,48.60595322,39.80255508,0,318.7568359,57.74918747
2022/3/11 17:35,279256,4.15199995,4.203166485,2.288605475,31.49212837,13.63206673,268.4547424,44.34905243,39.73051834,0,295.0434875,55.65065002
2022/3/11 17:40,279256,3.744666815,4.035699844,2.288605475,31.46243668,13.56251049,242.6811371,41.5978508,39.63299179,0,272.0861206,53.50372314
2022/3/11 17:45,279257,3.39766717,3.865466595,2.288605475,31.38722992,13.42105389,220.8614655,40.15795517,39.46748352,0,249.0645905,51.38352966
2022/3/11 17:50,279257,3.074332952,3.696266651,2.288605475,31.28443718,13.55087852,198.9060822,39.42818451,39.46847153,0,226.1943207,49.56866455
2022/3/11 17:55,279257,2.763000011,3.510999918,2.288605475,31.14131927,13.88312912,177.2108765,38.05937576,39.49752808,0,203.1940002,48.14092255
2022/3/11 18:00,279258,2.482666731,3.318999767,2.288605475,31.00126076,13.65717983,156.2128296,37.13393784,39.48998642,0,179.1368561,45.86072922
2022/3/11 18:05,279258,2.260666847,3.059033394,2.288605475,30.84259796,14.01474285,135.012207,35.74317169,39.52086258,0,157.2541046,44.49236298
2022/3/11 18:10,279258,2.089333057,2.818000078,2.288605475,30.6907444,14.2583952,115.2124023,34.07662964,39.6257782,0,130.7622375,42.57798767
2022/3/11 18:15,279258,1.927667022,2.51343298,2.288605475,30.53163338,14.4833622,96.58628082,31.95220947,40.11101532,0,79.85546112,41.15997314
2022/3/11 18:20,279259,1.739999771,2.137599945,2.288605475,30.25034332,14.18941021,81.28009033,31.36385536,40.34025955,0,54.86396408,37.62768555
2022/3/11 18:25,279259,1.404333353,1.757933497,2.288605475,30.02982712,14.48871994,64.07325745,29.27047157,39.735569,0,42.47764206,33.28436661
2022/3/11 18:30,279259,1.36866653,1.337100029,2.288605475,29.72430992,14.89511299,37.75585175,29.28163147,39.8329277,0,34.86997223,29.39248466
2022/3/11 18:35,279259,1.361333251,0.650266647,2.288605475,29.36740494,15.25098228,31.62839699,25.34313774,40.0220108,0,28.45296097,26.06817245
2022/3/11 18:40,279259,1.336999893,0.135466665,2.288605475,29.13683701,15.82095528,23.52772522,22.52052689,40.07203293,0,28.45296097,26.06817245
2022/3/11 18:45,279259,1.285999775,0.077099994,2.288605475,28.75974846,16.93712616,19.47841072,18.72848129,40.1034584,0,19.67155266,19.25305939
2022/3/11 18:50,279259,1.195333362,0.041833319,2.288605475,28.33342552,17.58587074,15.71552467,15.18498611,40.13136673,0,16.45925522,16.20317078
2022/3/11 18:55,279259,1.114000201,-0.000733334,2.288605475,27.93259811,18.28505325,12.21014881,11.81902599,40.19113922,0,13.08223248,12.93050957
2022/3/11 19:00,279259,0.682000101,-0.022399995,2.288605475,27.52751732,19.19259453,9.276085854,8.83540535,40.16575241,0,10.09157753,10.03551292
2022/3/11 19:05,279259,0.300000042,-0.0132,2.288605475,27.12996674,19.6115551,7.417642593,7.140271187,40.0853653,0,8.096873283,7.841709614
2022/3/11 19:10,279259,0.301333398,-0.018133333,2.288605475,26.80818367,19.983675,5.91687727,5.571658134,39.95869827,0,5.922685623,5.891346455
2022/3/11 19:15,279259,0.30066672,-0.010533331,2.288605475,26.61764717,20.47809219,4.771277905,4.321374416,39.91873169,0,4.662656784,4.680550098
2022/3/11 19:20,279259,0.300000042,0,2.288605475,26.57218552,20.55387497,2.833857298,2.577020407,39.8649292,0,4.004432201,4.136970997
2022/3/11 19:25,279259,0.300000042,0,2.288605475,26.57218552,20.55387497,2.833857298,2.577020407,39.8649292,0,3.354722977,3.474951029
2022/3/11 19:30,279259,0.300000042,0,2.288605475,26.29140663,20.95845795,2.425840855,2.135283947,39.76215363,0,2.711394787,2.864934444
2022/3/11 19:35,279259,0.300000042,0,2.288605475,26.17379379,20.92354202,2.083131552,1.867810011,39.71263885,0,2.869730949,3.009817362
2022/3/11 19:40,279259,0.300000042,0,2.288605475,26.20785904,20.64133835,1.456887722,1.171348095,39.68782043,0,2.901431084,3.069283962
2022/3/11 19:45,279259,0.300000042,0,2.288605475,26.29205894,20.35406494,1.047401667,0.732419908,39.65726852,0,2.270607233,2.328872919
2022/3/11 19:50,279259,0.300000042,0,2.288605475,26.1825428,20.55348396,1.653463125,1.332186222,39.65567398,0,2.222650051,2.323826551
2022/3/11 19:55,279259,0.300000042,0,2.288605475,25.92115021,20.86406326,1.727951288,1.444060087,39.68865204,0,1.974749565,2.152199984
2022/3/11 20:00,279259,0.300000042,0,2.288605475,25.90644455,20.80646133,1.213030338,0.95721072,39.71967316,0,2.073396206,2.264680624
2022/3/11 20:05,279259,0.300000042,0,2.288605475,25.77175903,20.98923874,1.653651595,1.423978567,39.49381638,0,2.141145468,2.342164993
2022/3/11 20:10,279259,0.300000042,0,2.288605475,25.51390648,21.47217751,2.185776949,1.914339304,39.41003799,0,1.98403132,2.131678343
2022/3/11 20:15,279259,0.300000042,0,2.288605475,25.27111435,21.83825302,2.127243519,1.798848271,39.56594086,0,1.730773449,1.903707623
2022/3/11 20:20,279259,0.300000042,0,2.288605475,24.96519852,22.36831284,2.595696926,2.332307816,39.59111023,0,1.497251511,1.816676021
2022/3/11 20:25,279259,0.300000042,0,2.288605475,24.52203178,22.995224,3.503803492,3.024971247,39.59159088,0,1.935715675,2.450642347
2022/3/11 20:30,279259,0.300000042,0,2.288605475,24.1194973,23.82789612,3.181562424,2.872108698,39.58716965,0,2.341227531,2.542642355
2022/3/11 20:35,279259,0.300000042,0,2.288605475,23.8106823,24.3122921,2.534277439,2.233470678,39.52540588,0,2.514423847,2.606511116
2022/3/11 20:40,279259,0.300000042,0,2.288605475,23.58402824,24.89140129,3.176290512,2.849341393,39.50174332,0,2.534698009,2.689206123
2022/3/11 20:45,279259,0.300000042,0,2.288605475,23.07881927,27.20311356,3.552402973,3.127286196,39.48983765,0,2.798430204,2.937823296
2022/3/11 20:50,279259,0.300000042,0,2.288605475,22.34126663,28.61540413,4.05747509,3.570741415,39.47857666,0,3.269732475,3.264817238
2022/3/11 20:55,279259,0.300000042,0,2.288605475,21.98156548,28.79144669,3.674166203,3.246870995,39.52256775,0,3.646688938,3.596293449
2022/3/11 21:00,279259,0.300000042,0,2.288605475,21.80554771,28.75758362,3.358231068,2.967851162,39.50404739,0,3.65094018,3.695153475
2022/3/11 21:05,279259,0.300000042,0,2.288605475,21.53223991,30.10104179,3.290103197,2.910236835,39.46950912,0,3.41190505,3.433989525
2022/3/11 21:10,279259,0.300000042,0,2.288605475,21.02065849,30.9091301,2.948897123,2.605437756,39.40159988,0,3.239286661,3.290780783
2022/3/11 21:15,279259,0.300000042,0,2.288605475,20.8812294,31.41368866,2.386017799,1.980718136,39.42798233,0,3.102765083,3.093562126
2022/3/11 21:20,279259,0.300000042,0,2.288605475,20.85565186,31.26166916,2.255099297,1.992906809,39.48483658,0,2.683218002,2.714848995
2022/3/11 21:25,279259,0.300000042,0,2.288605475,20.79454803,31.49875259,1.929558039,1.596350074,39.43699265,0,2.451817036,2.588568449
2022/3/11 21:30,279259,0.300000042,0,2.288605475,20.69581795,31.2978363,2.193092585,1.844549298,39.35360336,0,2.813801289,2.647464275
2022/3/11 21:35,279259,0.300000042,0,2.288605475,20.63916588,31.7821846,1.626070023,1.327920675,39.34311676,0,2.645640135,2.289791584
2022/3/11 21:40,279259,0.300000042,0,2.288605475,20.39648056,32.43429565,1.650235891,1.232784033,39.13048172,0,1.981073737,1.93756175
2022/3/11 21:45,279259,0.300000042,0,2.288605475,20.45862579,31.32582855,1.886384368,1.562511086,39.01013565,0,1.835323572,1.952780724
2022/3/11 21:50,279259,0.300000042,0,2.288605475,20.50884628,31.36999321,1.821681023,1.488150358,39.05152512,0,2.075655937,2.051589727
2022/3/11 21:55,279259,0.300000042,0,2.288605475,20.5104866,31.63157082,1.981077313,1.533134937,39.14704895,0,2.075655937,2.051589727
2022/3/11 22:00,279259,0.300000042,0,2.288605475,20.28775215,31.81075287,2.336959362,1.717542052,39.15018845,0,2.240428448,2.267057419
2022/3/11 22:05,279259,0.300000042,0,2.288605475,20.10116005,32.99254227,1.875527978,1.481441498,39.15879059,0,2.297921896,2.293456554
2022/3/11 22:10,279259,0.300000042,0,2.288605475,20.10116005,32.99254227,1.875527978,1.481441498,39.15879059,0,2.502803326,2.606956005
2022/3/11 22:15,279259,0.300000042,0,2.288605475,19.86193657,33.06566238,2.122939348,1.681061268,39.1175766,0,2.436366558,2.363183975
2022/3/11 22:20,279259,0.300000042,0,2.288605475,19.50989532,34.75884628,1.94666481,1.582951069,39.09275055,0,2.451576948,2.344707251
2022/3/11 22:25,279259,0.300000042,0,2.288605475,19.31408501,34.23827362,1.565919399,1.201504707,39.04468918,0,2.415570498,2.323753834
2022/3/11 22:30,279259,0.300000042,0,2.288605475,19.18309593,34.18040848,1.86860466,1.44747138,38.89719391,0,2.248133183,2.250124216
2022/3/11 22:35,279259,0.300000042,0,2.288605475,19.04793358,34.85568237,2.126593113,1.665487766,38.84188461,0,2.288244724,2.356791019
2022/3/11 22:40,279259,0.300000042,0,2.288605475,19.01483536,35.06513596,1.391914606,1.001182318,38.91403198,0,2.096960545,2.129308701
2022/3/11 22:45,279259,0.300000042,0,2.288605475,18.88222122,36.34771347,1.62151289,1.249527931,38.89004135,0,2.185256004,2.135344028
2022/3/11 22:50,279259,0.300000042,0,2.288605475,18.57771492,37.43848038,1.682819128,1.281414628,38.90364075,0,2.210351944,2.05249238
2022/3/11 22:55,279259,0.300000042,0,2.288605475,18.40173721,37.82092285,1.893021584,1.513379574,38.97148895,0,2.004327297,1.919044018
2022/3/11 23:00,279259,0.300000042,0,2.288605475,18.42948151,37.43066025,1.543335795,1.154789686,38.95914078,0,1.924677849,1.866186738
2022/3/11 23:05,279259,0.300000042,0,2.288605475,18.52026939,36.91194153,1.713214278,1.318632364,39.01065445,0,1.899490237,1.841142774
2022/3/11 23:10,279259,0.300000042,0,2.288605475,18.44737244,37.38970947,1.821372032,1.394543886,38.99003983,0,1.968884468,1.949153781
2022/3/11 23:15,279259,0.300000042,0,2.288605475,18.17643547,39.2644577,1.956083298,1.53056109,39.02846527,0,2.014079809,1.990041137
2022/3/11 23:20,279259,0.300000042,0,2.288605475,18.00997543,38.70526505,1.814651132,1.410161495,39.02468872,0,2.018381357,1.967036486
2022/3/11 23:25,279259,0.300000042,0,2.288605475,18.01104355,38.65837097,1.959723234,1.526788354,38.96644592,0,2.036578894,1.790419221
2022/3/11 23:30,279259,0.300000042,0,2.288605475,18.06142998,37.98568726,1.867072582,1.442964911,38.89042282,0,2.220214605,2.037606239
2022/3/11 23:35,279259,0.300000042,0,2.288605475,17.98131371,39.44846344,2.00982213,1.613568068,38.90992737,0,2.147095442,2.012904167
2022/3/11 23:40,279259,0.300000042,0,2.288605475,17.82700729,39.34006882,1.700685501,1.387179255,38.97523499,0,2.024830103,1.97361517
2022/3/11 23:45,279259,0.300000042,0,2.288605475,17.55791283,39.87138748,1.878342867,1.41441524,39.85224915,0,1.981215477,1.962134361
2022/3/11 23:50,279259,0.300000042,0,2.288605475,17.40193939,41.6060524,1.658837199,1.286172152,40.40678024,0,1.929970503,1.838473558
2022/3/11 23:55,279259,0.300000042,0,2.288605475,17.36228561,41.4642868,1.486633897,0.956242681,40.42386627,0,1.842027783,1.737679482
2022/3/12 0:00,279259,0.300000042,0,2.288605475,17.40330887,40.43005371,1.332898498,0.825184405,40.37017059,0,1.922556639,1.983241439
2022/3/12 0:05,279259,0.300000042,0,2.288605475,17.5396843,40.60491943,1.567703605,1.185733199,40.96589661,0,2.013050556,1.892283559
2022/3/12 0:10,279259,0.300000042,0,2.288605475,17.40544319,40.48046112,1.829880834,1.505266905,41.22252655,0,1.882612824,1.86844027
2022/3/12 0:15,279259,0.300000042,0,2.288605475,17.26433182,41.94305038,1.833733559,1.398145914,40.95254517,0,1.864726543,1.822995424
2022/3/12 0:20,279259,0.300000042,0,2.288605475,17.08439636,42.13977051,1.722892404,1.299516201,40.59452438,0,2.06055069,1.879229546
2022/3/12 0:25,279259,0.300000042,0,2.288605475,17.02637482,42.79384995,1.58775723,1.240157366,40.37997437,0,2.06055069,1.879229546
2022/3/12 0:30,279259,0.300000042,0,2.288605475,17.02226448,42.95571899,1.755214691,1.413038969,40.21430588,0,1.872840881,1.825796962
2022/3/12 0:35,279259,0.300000042,0,2.288605475,17.01379585,42.40956497,1.687743664,1.340916038,40.33959961,0,1.850031257,1.827859163
2022/3/12 0:40,279259,0.300000042,0,2.288605475,16.88603973,42.40215302,1.898752332,1.472276568,40.81016541,0,1.73468709,1.910826445
2022/3/12 0:45,279259,0.300000042,0,2.288605475,16.78061295,43.27062607,2.130471706,1.675162435,41.08636475,0,1.915834188,2.032205343
2022/3/12 0:50,279259,0.300000042,0,2.288605475,16.7323513,43.17992401,1.739637256,1.398665428,41.10850906,0,1.938519955,1.887321949
2022/3/12 0:55,279259,0.300000042,0,2.288605475,16.7323513,43.17992401,1.739637256,1.398665428,41.10850906,0,1.976947308,1.982662201
2022/3/12 1:00,279259,0.300000042,0,2.288605475,16.36752319,44.23363495,1.535359263,1.180443525,41.36644363,0,1.93473351,1.946163654
2022/3/12 1:05,279259,0.300000042,0,2.288605475,16.30019188,44.42976379,1.390310645,0.971539617,41.16752625,0,1.869135618,1.852814555
2022/3/12 1:10,279259,0.300000042,0,2.288605475,16.48373795,43.5939827,1.241956949,0.7647717,41.04141998,0,1.870510697,1.871500015
2022/3/12 1:15,279259,0.300000042,0,2.288605475,16.48839569,43.79916763,1.152590394,0.667159975,41.54413986,0,1.364956737,1.604270101
2022/3/12 1:20,279259,0.300000042,0,2.288605475,16.18226433,45.67623138,1.824701071,1.360898852,41.53099442,0,1.845008612,1.946442842
2022/3/12 1:25,279259,0.300000042,0,2.288605475,15.87325573,47.92220688,2.002812624,1.535309434,41.50199509,0,1.943417311,1.937880754
2022/3/12 1:30,279259,0.300000042,0,2.288605475,15.91212463,46.79367447,1.562174678,1.138958693,41.46409988,0,1.932138085,1.857674479
2022/3/12 1:35,279259,0.300000042,0,2.288605475,15.89720535,46.84846497,1.89924562,1.46219635,41.3610878,0,1.931952834,1.813673258
2022/3/12 1:40,279259,0.300000042,0,2.288605475,15.75501919,47.72212982,2.103517294,1.719790936,41.30858994,0,1.847593427,1.73755002
2022/3/12 1:45,279259,0.300000042,0,2.288605475,15.64863586,48.41898346,1.821882248,1.329766512,41.20712662,0,1.839904428,1.792426825
2022/3/12 1:50,279259,0.300000042,0,2.288605475,15.62521744,48.33901215,1.501098275,1.135397196,41.16348648,0,2.10910368,1.901881218
2022/3/12 1:55,279259,0.300000042,0,2.288605475,15.80811787,46.96321106,1.468594551,1.102654219,40.99750519,0,2.131244659,2.251264572
2022/3/12 2:00,279259,0.300000042,0,2.288605475,15.86333656,46.96907043,1.262438774,0.807064056,40.82151031,0,1.929028392,1.978561163
2022/3/12 2:05,279259,0.300000042,0,2.288605475,15.72658348,47.77729797,1.562131763,1.116953611,40.62382507,0,1.962834358,1.921238422
2022/3/12 2:10,279259,0.300000042,0,2.288605475,15.42830849,47.3791275,1.631947279,1.151379824,40.69844437,0,1.962834358,1.921238422
2022/3/12 2:15,279259,0.300000042,0,2.288605475,15.49256897,47.38713074,1.617391825,1.162836194,40.60958481,0,1.939458251,1.822505116
2022/3/12 2:20,279259,0.300000042,0,2.288605475,15.38820362,48.55705261,1.95194006,1.411328912,40.49807739,0,1.836381912,1.76643014
2022/3/12 2:25,279259,0.300000042,0,2.288605475,15.17964935,48.43239975,1.890900254,1.4648031,40.43906403,0,1.843490958,1.712342143
2022/3/12 2:30,279259,0.300000042,0,2.288605475,15.16091251,48.38929367,1.561779737,1.077095628,40.35936737,0,1.615240216,1.449567676
2022/3/12 2:35,279259,0.300000042,0,2.288605475,15.05917454,48.74802399,1.663634062,1.259924531,40.29013824,0,1.496999383,1.543857217
2022/3/12 2:40,279259,0.300000042,0,2.288605475,15.04041958,48.40638351,1.703325152,1.290921926,40.20946121,0,1.461038947,1.503762603
2022/3/12 2:45,279259,0.300000042,0,2.288605475,15.21752071,48.14122009,1.480072021,1.021505475,40.07788849,0,1.530316472,1.528895736
2022/3/12 2:50,279259,0.300000042,0,2.288605475,15.32792759,47.88151932,1.536806583,1.082819223,39.99191284,0,1.53726244,1.626049042
2022/3/12 2:55,279259,0.300000042,0,2.288605475,15.31328964,49.36052704,1.38179636,0.910109997,39.96973038,0,1.64023304,1.631406546
2022/3/12 3:00,279259,0.300000042,0,2.288605475,15.34070206,51.26767731,0.909469724,0.572047472,40.07213974,0,1.673250675,1.683444262
2022/3/12 3:05,279259,0.300000042,0,2.288605475,15.38156414,51.0838089,0.7094872,0.421199918,40.28897476,0,1.873654127,1.685333967
2022/3/12 3:10,279259,0.300000042,0,2.288605475,15.58231544,47.5635643,0.76429671,0.421665132,40.24721146,0,1.987832427,1.774911761
2022/3/12 3:15,279259,0.300000042,0,2.288605475,15.82373714,46.84289551,1.055434465,0.668587565,40.25592804,0,1.965884209,1.890362859
2022/3/12 3:20,279259,0.300000042,0,2.288605475,15.64129829,49.80965424,1.764575839,1.344064713,40.25349426,0,1.98115468,1.907664776
2022/3/12 3:25,279259,0.300000042,0,2.288605475,15.2465353,51.49391556,2.286821127,1.705392361,40.23645782,0,1.876281738,1.81146574
2022/3/12 3:30,279259,0.300000042,0,2.288605475,14.90154457,52.91527939,2.382399082,1.906565189,40.1608429,0,1.927246571,1.810106635
2022/3/12 3:35,279259,0.300000042,0,2.288605475,14.63883018,53.16894913,2.505464315,1.917643666,40.07875824,0,1.829998493,1.744556546
2022/3/12 3:40,279259,0.300000042,0,2.288605475,14.63883018,53.16894913,2.505464315,1.917643666,40.07875824,0,1.670765162,1.668144822
2022/3/12 3:45,279259,0.300000042,0,2.288605475,14.54429436,52.6658287,1.766129017,1.322107792,39.89945602,0,1.328499079,1.41114819
2022/3/12 3:50,279259,0.300000042,0,2.288605475,14.55330944,53.02127075,1.787957907,1.277788162,39.77669525,0,1.51531744,1.484946012
2022/3/12 3:55,279259,0.300000042,0,2.288605475,14.44425011,52.73403549,1.897539735,1.419667482,39.74911118,0,1.702842832,1.640330672
2022/3/12 4:00,279259,0.300000042,0,2.288605475,14.2386446,54.38983917,1.685615301,1.126106858,39.53134155,0,1.92673111,1.791747451
2022/3/12 4:05,279259,0.300000042,0,2.288605475,14.27297306,52.58906174,1.239578247,0.744571626,39.3996582,0,1.995069981,1.952059388
2022/3/12 4:10,279259,0.300000042,0,2.288605475,14.39410782,52.60270691,1.288078666,0.836105108,39.37404633,0,1.946225882,1.934951425
2022/3/12 4:15,279259,0.300000042,0,2.288605475,14.32128143,52.23045731,1.793269038,1.303103209,39.35600662,0,2.041380644,1.932827353
2022/3/12 4:20,279259,0.300000042,0,2.288605475,14.16445541,53.29147339,1.963432312,1.480180502,39.26988983,0,1.981031179,1.687185407
2022/3/12 4:25,279259,0.300000042,0,2.288605475,13.97665882,54.2048111,2.10578537,1.566709638,39.25843048,0,2.054764509,1.85880518
2022/3/12 4:30,279259,0.300000042,0,2.288605475,14.05319118,53.47719955,1.526608586,1.113348484,39.34898758,0,1.945884347,1.816994071
2022/3/12 4:35,279259,0.300000042,0,2.288605475,13.95868969,54.11601257,1.978975415,1.478838801,39.31982422,0,1.924847841,1.815665245
2022/3/12 4:40,279259,0.300000042,0,2.288605475,13.8041935,52.81390381,2.195275307,1.746946573,39.3265686,0,1.85503006,1.729316115
2022/3/12 4:45,279259,0.300000042,0,2.288605475,13.71469688,53.9330864,1.949858069,1.418992281,39.24347687,0,1.875740528,1.687458634
2022/3/12 4:50,279259,0.300000042,0,2.288605475,13.68525791,53.50505447,1.556819797,1.091661811,39.35657501,0,1.775769234,1.632281423
2022/3/12 4:55,279259,0.300000042,0,2.288605475,13.62361336,54.76036835,1.901394606,1.420349717,39.37351227,0,1.566102266,1.535790086
2022/3/12 5:00,279259,0.300000042,0,2.288605475,13.48506069,55.05579376,1.832809091,1.314044356,39.31599808,0,1.625266671,1.529843807
2022/3/12 5:05,279259,0.300000042,0,2.288605475,13.34481239,56.73651886,1.781557083,1.32118535,39.30609894,0,1.903350711,1.721718788
2022/3/12 5:10,279259,0.300000042,0,2.288605475,13.38479805,55.78991699,1.550540686,1.13626039,39.28122711,0,2.009480238,1.787076235
2022/3/12 5:15,279259,0.300000042,0,2.288605475,13.40027142,55.76138687,1.519517422,0.999422431,39.3760643,0,2.111885309,1.931102514
2022/3/12 5:20,279259,0.300000042,0,2.288605475,13.37976074,55.21199036,1.632453918,1.177967548,39.40489197,0,2.039031506,1.804385424
2022/3/12 5:25,279259,0.300000042,0,2.288605475,13.31608486,57.01338196,1.84132874,1.396660089,39.41820908,0,2.039031506,1.804385424
2022/3/12 5:30,279259,0.300000042,0,2.288605475,13.36901855,57.82183075,1.589544654,1.083443999,39.33546829,0,2.160017729,1.92380619
2022/3/12 5:35,279259,0.300000042,0,2.288605475,13.39626789,57.58377457,1.505909801,0.988349319,39.37436676,0,1.832745671,1.817842364
2022/3/12 5:40,279259,0.300000042,0,2.288605475,13.46009636,57.68559265,1.377981782,0.959313214,39.47076416,0,2.014115572,1.736222267
2022/3/12 5:45,279259,0.300000042,0,2.288605475,13.26281071,58.91947556,1.938079119,1.381390691,39.73010254,0,1.899365187,1.722189665
2022/3/12 5:50,279259,0.300000042,0,2.288605475,13.01246929,59.95150757,1.564796925,1.133038282,39.960392,0,1.896471262,1.74329567
2022/3/12 5:55,279259,0.300000042,0,2.288605475,12.87329388,60.86201477,1.676484346,1.227848649,40.00600815,0,1.964653492,1.769349337
2022/3/12 6:00,279259,0.300000042,0,2.288605475,12.93948936,60.23948288,1.127845287,0.716960192,40.02390671,0,2.071110249,1.871682167
2022/3/12 6:05,279259,0.300000042,0,2.288605475,13.06989861,59.47322845,1.391941309,0.941547573,40.02830505,0,1.905925155,1.702390671
2022/3/12 6:10,279259,0.300000042,0,2.288605475,12.80647469,61.34341049,1.833530903,1.321221948,40.01958084,0,1.672950387,1.859066486
2022/3/12 6:15,279259,0.300000042,0,2.288605475,12.81107521,59.26210403,1.665821433,1.09181118,40.03709412,0,2.108473778,2.295631886
2022/3/12 6:20,279259,0.300000042,0,2.288605475,12.89854813,59.07823181,2.183371305,1.511011243,40.04144287,0,2.654484987,2.573815346
2022/3/12 6:25,279259,0.300000042,0,2.288605475,12.98245525,58.98349762,2.031422138,1.53149569,40.07891846,0,2.654484987,2.573815346
2022/3/12 6:30,279259,0.300000042,0,2.288605475,13.10521698,58.36167908,2.912575722,2.346913576,40.08947372,0,4.014734745,3.712900162
2022/3/12 6:35,279259,0.300000042,0,2.288605475,13.33782005,57.86311722,4.451925278,3.691999674,40.04033279,0,5.200405598,4.868543148
2022/3/12 6:40,279259,0.300000042,0,2.288605475,13.18006325,58.39633942,7.912790775,6.857082844,39.98484039,0,7.817977905,7.480875492
2022/3/12 6:45,279259,0.596666694,0,2.288605475,13.00505161,58.47475815,13.33450317,10.22755432,40.02608109,0,11.25649357,10.70530701
2022/3/12 6:50,279259,1.358333349,0,2.288605475,13.01222706,58.9455719,20.68861198,12.94005871,39.96828461,0,16.20742989,13.9925108
2022/3/12 6:55,279259,1.308999896,0.002666667,2.288605475,13.24212646,57.2650795,29.66306305,14.88419724,39.94545746,0,24.13692665,17.56344604
2022/3/12 7:00,279259,1.349999905,0.086000003,2.288605475,13.60042477,57.10612869,41.02832794,16.73465729,39.88927841,0,34.41418457,20.97065926
2022/3/12 7:05,279259,1.375666738,0.188600004,2.288605475,13.94135475,56.27528,55.11000443,18.87454414,39.85176086,0,46.72103882,24.0107975
2022/3/12 7:10,279259,1.375666738,0.188600004,2.288605475,13.94135475,56.27528,55.11000443,18.87454414,39.85176086,0,61.5646019,26.81036758
2022/3/12 7:15,279259,1.460333347,0.344533324,2.288605475,14.8076334,55.43621826,86.34708405,23.12051582,39.87093353,0,77.9547348,29.04189491
2022/3/12 7:20,279259,1.725333214,0.424866617,2.288605475,15.39841175,53.70082092,81.64972687,26.22488594,39.95373917,0,96.72034454,31.51716232
2022/3/12 7:25,279259,2.220333338,0.51546663,2.288605475,16.40341568,52.69939804,61.64200592,29.85958481,40.0142746,0,117.1147919,34.7953949
2022/3/12 7:30,279259,2.501999855,0.600066721,2.288605475,17.54565811,49.65482712,136.4286346,28.76898956,40.06794357,0,139.8108368,37.69807434
2022/3/12 7:35,279259,2.774666786,0.700866699,2.288605475,18.42262459,46.40675354,164.6074677,28.95421219,40.11581802,0,164.4138336,39.64074707
2022/3/12 7:40,279259,3.105666399,1.3549999,2.288605475,19.02526474,44.66041565,195.8050079,30.21393394,40.18086243,0,190.2460022,41.76039124
2022/3/12 7:45,279260,3.470666885,3.260200262,2.288605475,19.38703156,41.16981506,217.7651672,32.29169846,40.29862976,0,216.260437,43.93798065
2022/3/12 7:50,279260,3.841667175,4.042399406,2.288605475,19.76984978,39.37142944,241.2589264,35.11354828,40.69093323,0,243.4774017,46.67965317
2022/3/12 7:55,279260,4.202666283,4.141866207,2.288605475,20.58372688,36.58589935,272.3425293,36.56247711,40.68751526,0,271.1559448,49.16176987
2022/3/12 8:00,279261,4.621666431,4.261433125,2.288605475,21.29421043,33.62713623,299.2406616,39.44209671,40.81978607,0,296.9942322,50.99380112
2022/3/12 8:05,279261,4.998000145,4.380466938,2.288605475,21.75849342,31.64509964,323.0347595,41.39219666,40.88012314,0,324.678009,55.30018997
2022/3/12 8:10,279261,5.40199995,4.503633499,2.288605475,22.14364433,30.63942146,348.875824,44.69129944,40.71369171,0,351.1151123,56.60040283
2022/3/12 8:15,279262,5.806666851,4.411133289,2.288605475,22.81796646,30.13944626,374.0516968,47.21178818,40.54569244,0,379.0484314,61.69469452
2022/3/12 8:20,279262,6.211333752,4.137666225,2.288605475,23.61213493,26.37718201,398.6027222,50.5551796,40.58381653,0,402.9783325,64.86966705
2022/3/12 8:25,279262,6.608666897,4.913033485,2.288605475,23.70683098,25.82657814,422.8651733,54.15772629,40.70239258,0,426.0395813,66.90650177
2022/3/12 8:30,279263,7.007333279,4.540466785,2.288605475,23.47327614,24.75370026,449.4233704,59.70125961,40.61224747,0,451.030304,70.70306396
2022/3/12 8:35,279263,7.401333332,4.826766491,2.288605475,23.91234207,24.32929611,470.0457153,61.26423645,40.49480057,0,476.352478,75.0114975
2022/3/12 8:40,279264,7.789332867,4.190966606,2.288605475,23.88249016,23.58364296,492.3739014,64.56376648,40.41529846,0,498.3665161,78.88669586
2022/3/12 8:45,279264,8.153333664,5.247833252,2.288605475,24.02549362,23.68423271,513.6201172,66.96076202,40.47865295,0,522.4363403,81.50047302
2022/3/12 8:50,279264,8.498000145,5.518933296,2.288605475,24.18512917,23.2200489,534.0801392,68.60749817,40.43861389,0,543.5003052,81.72673035
2022/3/12 8:55,279265,8.841332436,5.600500107,2.288605475,24.38814926,23.38340759,554.4337158,69.40893555,40.28910828,0,543.5003052,81.72673035
2022/3/12 9:00,279265,9.186667442,5.681933403,2.288605475,24.67032623,22.99122047,586.8140869,85.23960114,40.12543106,0,586.973999,84.66191101
2022/3/12 9:05,279266,9.518666267,5.476666451,2.288605475,24.73194122,23.05130768,597.9828491,74.06907654,40.09698105,0,608.2201538,85.31158447
2022/3/12 9:10,279266,9.819998741,4.377466679,2.288605475,25.26651001,22.61953926,615.3384399,73.51163483,40.02738953,0,629.4277954,86.36694336
2022/3/12 9:15,279267,10.12466812,5.248666286,2.288605475,25.72347641,21.27537155,632.6584473,76.25593567,39.88113403,0,648.7346191,86.68050385
2022/3/12 9:20,279267,10.47533321,4.927799702,2.288605475,25.93869781,19.78168488,653.1734009,82.27506256,39.8372879,0,670.4575195,89.9056778
2022/3/12 9:25,279267,10.77666759,5.162467003,2.288605475,26.14600372,19.61632347,669.6436157,85.2106781,39.9306488,0,693.1921387,92.97094727
2022/3/12 9:30,279268,11.13733482,5.334499836,2.288605475,26.33164215,19.65880775,689.6588135,91.59965515,39.87272644,0,714.1087646,94.19049072
2022/3/12 9:35,279268,11.41866589,5.319733143,2.288605475,26.41322136,19.48922348,714.072876,101.3337936,39.81566238,0,733.3685913,95.31170654
2022/3/12 9:40,279269,11.67399979,5.842534065,2.288605475,26.89032745,19.14304352,731.3069458,99.32440186,39.76056671,0,733.3685913,95.31170654
2022/3/12 9:45,279269,11.94399929,5.955133438,2.288605475,26.82163429,18.49234772,750.8330688,102.4399796,39.89871216,0,767.8858643,97.6215744
2022/3/12 9:50,279270,12.25066662,5.723333359,2.288605475,27.06971359,18.27841759,766.401062,100.417038,39.95044708,0,778.1994019,101.267189
2022/3/12 9:55,279270,12.55000114,6.538533211,2.288605475,27.54497337,18.63007164,776.5327759,92.95859528,39.93526459,0,790.8455811,102.4767609
2022/3/12 10:00,279271,12.79466629,6.69560051,2.288605475,27.72506332,18.07922745,791.1987915,92.2974472,39.84575272,0,807.6063232,102.7734528
2022/3/12 10:05,279272,13.03000164,6.726667404,2.288605475,27.87533379,17.35307884,811.4907837,94.15563202,39.72787094,0,826.9794922,103.7827301
2022/3/12 10:10,279272,13.1633358,6.760066509,2.288605475,27.98082352,17.24456406,829.2687988,95.10477448,39.67467117,0,845.3052979,105.2265396
2022/3/12 10:15,279273,13.40933228,6.792333126,2.288605475,28.09074402,17.26587677,844.0480347,94.5753479,39.64781189,0,863.2557373,106.3401184
2022/3/12 10:20,279273,13.61866951,6.842266083,2.288605475,28.47418213,16.76747894,861.8181152,94.93319702,39.60328293,0,879.6411133,107.2844772
2022/3/12 10:25,279274,13.74799919,6.88340044,2.288605475,28.35099792,16.70341301,883.5790405,99.76583862,39.60575867,0,894.7623291,106.9947128
2022/3/12 10:30,279274,13.98799992,6.952466011,2.288605475,28.83566475,16.13448334,897.5900269,100.2162857,39.63638306,0,911.2124023,109.4018936
2022/3/12 10:35,279275,14.19733334,6.994467258,2.288605475,28.86166954,16.12730789,911.8571777,100.9234619,39.52887726,0,924.9727783,109.2470398
2022/3/12 10:40,279276,14.36266422,7.008199692,2.288605475,29.27696609,16.23715401,923.9827881,98.33448029,39.39161301,0,938.3304443,108.8605423
2022/3/12 10:45,279276,14.41666412,7.013066292,2.288605475,29.43454742,15.70233917,935.0251465,96.35742188,39.2469368,0,951.704895,108.7762527
2022/3/12 10:50,279277,14.59400272,7.028866768,2.288605475,29.39066696,15.81114292,950.8386841,99.2956543,39.40787125,0,968.2219238,111.5659637
2022/3/12 10:55,279277,14.59400272,7.028866768,2.288605475,29.39066696,15.81114292,950.8386841,99.2956543,39.40787125,0,983.0259399,113.2194214
2022/3/12 11:00,279278,14.79866219,7.142533302,2.288605475,29.87785149,15.72876644,973.550354,98.97148132,39.39041138,0,997.8989258,114.9722595
2022/3/12 11:05,279278,14.88999653,7.189799309,2.288605475,30.08267403,15.26339531,983.2042236,99.75203705,39.3595047,0,1013.17395,118.555481
2022/3/12 11:10,279279,14.91399765,7.164066315,2.288605475,30.52789879,14.74148273,987.9998779,96.95805359,39.29611588,0,1027.779785,119.8326569
2022/3/12 11:15,279280,15.16600323,7.17140007,2.288605475,30.61026764,14.82155704,1001.369812,101.1435623,39.25901031,0,1042.394531,121.0412292
2022/3/12 11:20,279280,15.40266418,7.227333546,2.288605475,30.59384727,14.95174599,1012.236389,104.0121536,39.27727509,0,1056.176392,123.2463379
2022/3/12 11:25,279281,15.5446682,7.279466152,2.288605475,30.59567642,15.02611923,1022.89209,105.4060593,39.28770447,0,1056.176392,123.2463379
2022/3/12 11:30,279281,15.64267063,7.315533638,2.288605475,30.44107628,14.89432526,1039.014282,109.9368668,39.2901535,0,1080.72644,126.5318298
2022/3/12 11:35,279282,15.58867073,7.318601131,2.288605475,30.62571335,14.79613972,1041.149414,106.2869873,39.35346222,0,1087.428467,122.2459412
2022/3/12 11:40,279283,15.68200302,7.343933582,2.288605475,30.95762634,14.55079365,1059.058105,106.9279099,39.29605484,0,1097.931641,121.4861069
2022/3/12 11:45,279283,15.84332848,7.377200127,2.288605475,30.87621689,14.55090046,1070.294556,109.0935593,39.23099518,0,1103.825195,117.9403
2022/3/12 11:50,279284,15.85066223,7.394267082,2.288605475,30.88946533,14.56018639,1078.487671,111.6899719,39.11407471,0,1111.613037,115.7579117
2022/3/12 11:55,279285,15.90066147,7.411599159,2.288605475,31.04653168,14.72378159,1087.078735,114.7243805,39.08309555,0,1124.271606,115.0922089
2022/3/12 12:00,279285,15.83933067,7.41133213,2.288605475,31.29213715,14.48231506,1092.035645,114.1984406,39.09224319,0,1135.739014,112.0682602
2022/3/12 12:05,279286,15.79399681,7.429599762,2.288605475,31.21305656,14.63809013,1094.261597,113.8504181,39.05818176,0,1144.23999,111.2121887
2022/3/12 12:10,279286,15.94333076,7.44306612,2.288605475,31.5342083,14.43013096,1099.765747,113.6480026,39.01303482,0,1152.416382,111.1286087
2022/3/12 12:15,279287,16.01866722,7.434132576,2.288605475,31.67969513,14.35463333,1102.972046,112.3537369,39.03595734,0,1156.440918,108.1560287
2022/3/12 12:20,279288,16.07933617,7.419733524,2.288605475,31.71712112,14.40075397,1105.011353,113.4848328,39.07822418,0,1158.388184,105.2139587
2022/3/12 12:25,279288,15.96199799,7.408132076,2.288605475,31.62665176,14.33460617,1107.390015,115.6737289,38.99388504,0,1158.388184,105.2139587
2022/3/12 12:30,279289,16.01933479,7.384333134,2.288605475,31.78612518,14.40848923,1107.557861,115.8596497,38.87303925,0,1164.130249,104.7560196
2022/3/12 12:35,279290,16.09400368,7.429867268,2.288605475,32.15653992,14.43206596,1108.544312,116.7930756,38.81386566,0,1167.954956,106.6981659
2022/3/12 12:40,279290,16.11733627,7.433200359,2.288605475,32.13354111,13.83840752,1109.3573,117.1328888,38.77405167,0,1168.926392,107.0625229
2022/3/12 12:45,279291,15.97199821,7.375866413,2.288605475,32.14050293,13.98441505,1107.439209,117.4895935,38.76374435,0,1168.5177,106.9670105
2022/3/12 12:50,279291,16.16067123,7.373867035,2.288605475,32.41387939,13.68993473,1107.435303,118.3791656,38.88267899,0,1169.230713,108.2401962
2022/3/12 12:55,279292,16.06666756,7.372666836,2.288605475,32.66876984,13.25363922,1108.892944,117.4802551,38.73680878,0,1167.408447,107.550621
2022/3/12 13:00,279293,15.87132931,7.376933098,2.288605475,32.83808136,12.97891045,1109.197876,121.6409836,38.69703674,0,1165.365112,108.4575729
2022/3/12 13:05,279293,15.83132935,7.378666878,2.288605475,32.66292953,13.03848553,1107.698608,124.0154572,38.79857254,0,1161.783813,107.1621552
2022/3/12 13:10,279294,15.7626667,7.369933605,2.288605475,32.6917305,13.09552193,1105.766357,124.3515701,38.73083496,0,1158.904053,107.44561
2022/3/12 13:15,279294,15.79666519,7.331999779,2.288605475,32.75652695,13.17700863,1101.48645,124.3962402,38.66799164,0,1152.777588,106.9756622
2022/3/12 13:20,279295,15.74133492,7.314066887,2.288605475,32.70795822,12.95170403,1097.928223,126.2322388,38.72036743,0,1150.526855,110.8782959
2022/3/12 13:25,279296,15.70866871,7.318334579,2.288605475,33.33643723,12.87071514,1088.983643,123.5510178,38.74896622,0,1143.743896,111.8988876
2022/3/12 13:30,279296,15.51133347,7.286799431,2.288605475,33.24395752,12.90770149,1082.800659,124.7136307,38.64600372,0,1134.751709,111.0644836
2022/3/12 13:35,279297,15.20200348,7.187265873,2.288605475,33.44675827,12.51738262,1071.175537,118.3267288,38.55452728,0,1121.044067,111.2674484
2022/3/12 13:40,279297,15.20200348,7.187265873,2.288605475,33.44675827,12.51738262,1071.175537,118.3267288,38.55452728,0,1101.668457,115.2581635
2022/3/12 13:45,279298,15.1200037,7.184799194,2.288605475,33.52942276,12.60630798,1058.634766,113.5318298,38.54005432,0,1088.16333,116.4010773
2022/3/12 13:50,279299,15.26199913,7.19086647,2.288605475,33.7057457,12.36529064,1047.354614,110.0052643,38.60647202,0,1078.897339,117.1970749
2022/3/12 13:55,279299,15.21666908,7.228800774,2.288605475,33.77136612,12.02943707,1034.2854,105.8815155,38.60744858,0,1074.860596,121.8009033
2022/3/12 14:00,279300,15.13933754,7.21853447,2.288605475,33.55780411,12.24669456,1026.362915,106.9173508,38.64390945,0,1068.411621,124.6017609
2022/3/12 14:05,279300,15.27199936,7.240933895,2.288605475,33.81269455,12.03147793,1015.907532,104.6868973,38.74884033,0,1056.356689,124.8768311
2022/3/12 14:10,279301,15.23533249,7.209066868,2.288605475,33.7675705,11.96541977,1005.027283,103.5196915,38.76063538,0,1056.356689,124.8768311
2022/3/12 14:15,279302,14.92066479,7.128799915,2.288605475,34.14630127,12.1094923,992.6422729,101.4249039,38.65797424,0,1030.920044,120.7330856
2022/3/12 14:20,279302,14.88466358,7.112266541,2.288605475,34.2199707,12.12402821,985.6986694,104.4895554,38.73073196,0,1019.906921,119.767334
2022/3/12 14:25,279303,14.70733643,7.087600231,2.288605475,34.1049881,11.98662567,974.9702759,105.6465302,38.71512985,0,1007.131775,118.5309067
2022/3/12 14:30,279303,14.76599884,7.104066849,2.288605475,33.93094254,11.94985008,963.9822388,106.1234131,38.81520462,0,992.1147461,116.2712555
2022/3/12 14:35,279304,14.57800102,7.034733772,2.288605475,34.22795868,11.92017174,944.5297241,99.02081299,38.78556824,0,978.1832886,113.899826
2022/3/12 14:40,279305,14.35599709,6.960600853,2.288605475,34.18073654,11.68519688,931.9669189,99.1977005,38.74158096,0,964.125061,110.807251
2022/3/12 14:45,279305,14.12800217,6.86613369,2.288605475,34.12331009,11.80545616,917.5025635,98.44747162,38.74319458,0,952.2644043,111.2718735
2022/3/12 14:50,279306,13.87066364,6.813000679,2.288605475,34.16187668,11.82355118,904.3277588,100.7589493,38.76864243,0,940.1303711,111.2282333
2022/3/12 14:55,279306,13.70200157,6.763999939,2.288605475,34.20871353,11.8209362,890.7473755,104.4582901,38.76316452,0,930.357605,109.9785156
2022/3/12 15:00,279307,13.45666409,6.705933571,2.288605475,34.57549667,11.89230537,873.4282227,104.665062,38.67667389,0,915.9558716,107.7299423
2022/3/12 15:05,279307,13.25466824,6.618666649,2.288605475,34.95620346,11.65114403,851.2484741,103.0771179,38.58588409,0,899.2158203,104.0413361
2022/3/12 15:10,279308,13.10867119,6.608866692,2.288605475,34.78935242,11.55458736,821.6220093,105.5358734,38.51765442,0,885.6564941,103.6673508
2022/3/12 15:15,279309,12.99400043,6.610600471,2.288605475,34.1938858,11.79927826,824.4434204,106.7475357,38.6293602,0,872.4403076,105.9032593
2022/3/12 15:20,279309,12.60266781,6.450866699,2.288605475,34.52275467,11.88263988,806.7957764,96.20740509,38.62089157,0,849.8709717,100.1136322
2022/3/12 15:25,279310,12.28466606,6.444733143,2.288605475,34.44942093,11.77277279,794.2315674,98.02580261,38.51271057,0,832.6394043,99.98483276
2022/3/12 15:30,279310,12.09000111,6.414666176,2.288605475,33.67744064,11.92506123,782.2479858,99.91188049,38.57444,0,816.2546997,99.91194153
2022/3/12 15:35,279311,11.77999878,6.300000191,2.288605475,34.00466537,11.85484886,759.510498,91.53100586,38.37091446,0,796.4959106,98.41350555
2022/3/12 15:40,279311,11.5286665,6.241000175,2.288605475,34.00301361,11.95546913,744.7297363,93.88027954,38.41670227,0,777.4743652,98.03868103
2022/3/12 15:45,279312,11.38733101,6.182666779,2.288605475,34.16579819,11.78850365,724.4089355,90.68675995,38.40549088,0,758.3294678,97.67834473
2022/3/12 15:50,279312,11.09333515,6.073266983,2.288605475,34.35522079,11.87200546,700.736084,83.86453247,38.02832794,0,738.3967896,96.38347626
2022/3/12 15:55,279313,10.96866512,6.091666698,2.288605475,34.33905411,11.93245029,689.3845825,88.44384003,38.10755539,0,738.3967896,96.38347626
2022/3/12 16:00,279313,10.70000076,6.04373312,2.288605475,34.57898712,12.01726055,668.9125977,84.99043274,38.1905365,0,698.581543,97.60504913
2022/3/12 16:05,279314,10.42533302,5.966533184,2.288605475,34.4021225,11.9139843,650.0828857,83.56246948,38.21247482,0,678.6318359,95.83641052
2022/3/12 16:10,279314,10.08199978,5.846132755,2.288605475,34.262146,11.8695755,628.053833,78.9306488,38.15683746,0,656.057312,91.68413544
2022/3/12 16:15,279315,9.7553339,5.723400116,2.288605475,34.37092972,11.81655121,607.940979,76.30060577,38.07121658,0,635.0646973,88.79553223
2022/3/12 16:20,279315,9.390000343,5.598400116,2.288605475,34.70846939,11.73870468,585.6118164,72.47715759,37.93732834,0,615.2579956,87.65246582
2022/3/12 16:25,279315,9.390000343,5.598400116,2.288605475,34.70846939,11.73870468,585.6118164,72.47715759,37.93732834,0,597.9156494,90.0165329
2022/3/12 16:30,279316,8.826666832,5.506800175,2.288605475,33.8753624,11.91954041,550.4503784,75.39629364,38.27781677,0,576.7004395,89.18727112
2022/3/12 16:35,279316,8.492666245,5.43813324,2.288605475,33.67520142,12.0993042,529.4761353,72.17942047,38.20524216,0,554.7317505,87.16307068
2022/3/12 16:40,279317,8.105333328,5.312666416,2.288605475,33.85022736,12.14519691,503.2380676,67.40202332,38.3201828,0,554.7317505,87.16307068
2022/3/12 16:45,279317,7.768666744,5.192399979,2.288605475,34.10130692,12.23257732,479.7194519,65.09997559,38.32116699,0,509.3950806,82.97987366
2022/3/12 16:50,279318,7.399999619,5.078266621,2.288605475,34.18324661,12.03146553,458.0774536,63.81910324,38.28720093,0,486.1233826,81.80130005
2022/3/12 16:55,279318,7.041332722,4.99686718,2.288605475,34.13237762,12.29867077,436.9057922,63.32533646,38.45053864,0,464.0119324,81.58119965
2022/3/12 17:00,279319,6.676001072,4.887133121,2.288605475,34.16763687,12.17349529,415.9962463,61.99754333,38.52205658,0,441.9024658,80.51329041
2022/3/12 17:05,279319,6.289999485,4.773533344,2.288605475,34.05861282,12.19961548,394.9857483,60.86924744,38.42766953,0,419.0879211,78.20590973
2022/3/12 17:10,279319,5.921333313,4.679999828,2.288605475,33.64583206,12.37147427,376.3065796,61.74082565,38.65443039,0,397.3532104,75.27867126
2022/3/12 17:15,279320,5.522665977,4.517066956,2.288605475,33.69947433,12.11731625,350.2113342,55.85597992,38.54919052,0,375.2654114,71.07920837
2022/3/12 17:20,279320,5.111999989,4.364600658,2.288605475,33.58361053,12.47724247,326.6651001,54.29247665,38.44364929,0,354.5855408,69.27332306
2022/3/12 17:25,279321,4.716000557,4.222266674,2.288605475,33.51224136,12.51289368,304.272522,53.63143921,38.35995865,0,333.2041016,68.11448669
2022/3/12 17:30,279321,4.335333347,4.117533207,2.288605475,33.30202103,12.70856571,285.559082,56.44014359,38.56442261,0,311.5500488,67.69668579
2022/3/12 17:35,279321,3.964000463,4.005066872,2.288605475,33.11296082,12.7246151,262.6624146,54.13344574,38.77478409,0,288.7420959,66.30245209
2022/3/12 17:40,279321,3.603999376,3.835666656,2.288605475,33.0357399,12.74178219,235.6346436,49.56798553,38.85531235,0,265.2977905,63.68089676
2022/3/12 17:45,279322,3.301333427,3.659800053,2.288605475,32.98686218,12.96466064,211.6562042,46.57585907,38.71925735,0,241.9429474,60.66278839
2022/3/12 17:50,279322,2.977333546,3.467000008,2.288605475,32.91411591,12.87444401,189.4406128,45.10626984,38.62233734,0,217.3730621,56.95151138
2022/3/12 17:55,279322,2.673999786,3.269066572,2.288605475,32.81149673,12.96657372,167.2840576,42.32297897,38.55851746,0,194.0603943,54.03342056
2022/3/12 18:00,279323,2.408666849,3.088533163,2.288605475,32.62925339,12.96739769,148.4820557,42.08743668,38.60095596,0,172.3614655,52.53942108
2022/3/12 18:05,279323,2.225333452,2.807733536,2.288605475,32.48222733,13.3541975,127.6146851,39.67534637,38.63468933,0,150.4570007,50.30521393
2022/3/12 18:10,279323,2.060666561,2.538266897,2.288605475,32.28508759,13.41575813,109.4872665,38.57368469,38.64536285,0,122.0542755,48.12179184
2022/3/12 18:15,279323,1.918667078,2.187266588,2.288605475,32.08849335,13.70139885,92.01400757,36.16882324,38.68801498,0,80.29081726,46.11075974
2022/3/12 18:20,279323,1.74733305,1.838666677,2.288605475,31.87771225,13.66324139,77.01111603,34.44991684,38.72026062,0,57.5771637,42.40258408
2022/3/12 18:25,279324,1.458000183,1.492266655,2.288605475,31.61375618,13.80983353,54.7292366,32.61324692,38.6741333,0,46.45727921,38.22915268
2022/3/12 18:30,279324,1.422666669,1.04126668,2.288605475,31.28438377,14.1640377,36.16107559,32.4268837,38.67527008,0,38.10522842,34.44686508
2022/3/12 18:35,279324,1.413333416,0.4296,2.288605475,31.02746201,14.2718792,31.27869987,27.22220612,38.71020508,0,32.20941544,30.2833252
2022/3/12 18:40,279324,1.32133317,0.186533332,2.288605475,30.74360466,14.47241974,24.83046341,23.42220879,38.72586441,0,26.86146927,25.95333862
2022/3/12 18:45,279324,1.249333262,0.117600009,2.288605475,30.49364281,14.65844727,19.93065262,18.80699921,38.77713013,0,22.1001091,21.63325882
2022/3/12 18:50,279324,1.124000192,0.054466665,2.288605475,30.23730087,14.77878952,14.88264465,14.24799919,38.79720306,0,17.49684143,17.19198418
2022/3/12 18:55,279324,1.017333508,-0.003133333,2.288605475,29.99045563,14.99597168,10.03794384,9.674507141,38.75436401,0,12.91857338,12.73511887
2022/3/12 19:00,279324,0.300000042,-0.013333333,2.288605475,29.71396446,15.33077145,7.590178013,7.242032051,38.66679001,0,9.490075111,9.467658043
2022/3/12 19:05,279324,0.300000042,-0.010733332,2.288605475,29.38149261,16.03381157,6.6873312,6.37631464,38.5892601,0,7.559566498,7.711800098
2022/3/12 19:10,279324,0.300000042,-0.010733332,2.288605475,29.38149261,16.03381157,6.6873312,6.37631464,38.5892601,0,6.046792507,6.061207771
2022/3/12 19:15,279324,0.30066672,-0.014466666,2.288605475,28.94658279,16.868433,3.631789446,3.307181835,38.47293472,0,4.416436672,4.560700417
2022/3/12 19:20,279324,0.300000042,0,2.288605475,28.68579292,17.27062607,3.037544727,2.769636393,38.41993332,0,3.549849749,3.819108009
2022/3/12 19:25,279324,0.300000042,0,2.288605475,28.35696793,17.8690052,2.978782415,2.807309151,38.38749313,0,3.142086267,3.305911303
2022/3/12 19:30,279324,0.300000042,0,2.288605475,27.94466972,18.47541237,3.323935747,2.972734928,38.34995651,0,2.86932826,3.122000456
2022/3/12 19:35,279324,0.300000042,0,2.288605475,27.59371948,19.01541328,3.270451784,3.005733967,38.22487259,0,2.630604029,2.97709465
2022/3/12 19:40,279324,0.300000042,0,2.288605475,27.34243393,19.39027977,2.956652403,2.760503769,38.13069916,0,2.678830147,2.908028603
2022/3/12 19:45,279324,0.300000042,0,2.288605475,27.15161705,19.66646767,2.41666007,2.130633831,38.06889343,0,2.64669776,2.762277842
2022/3/12 19:50,279324,0.300000042,0,2.288605475,27.04865265,19.79943085,2.138495207,1.878805399,37.99173737,0,2.589510679,2.632287741
2022/3/12 19:55,279324,0.300000042,0,2.288605475,26.88150787,20.1142025,2.054882526,1.696635008,37.97757339,0,2.581745863,2.598302603
2022/3/12 20:00,279324,0.300000042,0,2.288605475,26.63745117,20.5967598,1.993978858,1.781466722,37.96062851,0,2.818861485,2.892109871
2022/3/12 20:05,279324,0.300000042,0,2.288605475,26.27658463,21.41935921,2.747422218,2.504160881,37.94699478,0,3.007569075,3.1765697
2022/3/12 20:10,279324,0.300000042,0,2.288605475,26.27658463,21.41935921,2.747422218,2.504160881,37.94699478,0,3.484537363,3.563102245
2022/3/12 20:15,279324,0.300000042,0,2.288605475,25.43769646,22.89194107,3.77521801,3.284970045,37.92036819,0,3.628285408,3.58675909
2022/3/12 20:20,279324,0.300000042,0,2.288605475,24.984972,23.59253693,3.581133604,3.134375572,37.88648987,0,3.361794472,3.474450588
2022/3/12 20:25,279324,0.300000042,0,2.288605475,24.6213131,24.12215614,3.148630619,2.893066645,37.85166168,0,3.624589205,3.251055479
2022/3/12 20:30,279324,0.300000042,0,2.288605475,24.37026596,25.21315956,3.219723225,2.858908892,37.81794739,0,3.779092312,3.733142853
2022/3/12 20:35,279324,0.300000042,0,2.288605475,24.01272964,25.70097351,3.01819706,2.643386602,37.80702591,0,3.618402719,3.67551446
2022/3/12 20:40,279324,0.300000042,0,2.288605475,23.66350365,26.54361153,3.312051296,2.918406963,37.81256104,0,3.271501303,3.346078396
2022/3/12 20:45,279324,0.300000042,0,2.288605475,23.33250809,27.33236313,3.069788694,2.740262032,37.89754868,0,2.899414301,2.986103058
2022/3/12 20:50,279324,0.300000042,0,2.288605475,23.03209877,27.277174,2.983466625,2.625876665,37.93441772,0,2.638707399,2.804296255
2022/3/12 20:55,279324,0.300000042,0,2.288605475,22.96484375,27.4080677,2.487239122,2.076531649,37.91394043,0,2.638707399,2.804296255
2022/3/12 21:00,279324,0.300000042,0,2.288605475,22.8897686,27.44866371,2.528511286,2.165589809,37.88422394,0,2.735206127,2.402833939
2022/3/12 21:05,279324,0.300000042,0,2.288605475,22.63878632,27.30665398,2.635916948,2.326887608,37.8447113,0,2.271099567,2.19351697
2022/3/12 21:10,279324,0.300000042,0,2.288605475,22.43254662,27.43818665,2.599286556,2.311093807,37.80411911,0,2.311527491,2.220699549
2022/3/12 21:15,279324,0.300000042,0,2.288605475,22.21411705,27.46385384,2.598058224,2.243527889,37.77695084,0,2.332948208,2.377224922
2022/3/12 21:20,279324,0.300000042,0,2.288605475,22.21208954,27.74800301,1.613954425,1.265663624,37.7208252,0,2.35048008,2.366070986
2022/3/12 21:25,279324,0.300000042,0,2.288605475,22.19875717,28.75138474,2.020807505,1.635715842,37.69782639,0,2.476642609,2.405718565
2022/3/12 21:30,279324,0.300000042,0,2.288605475,22.03477859,28.76131821,1.891943097,1.485978127,37.66445541,0,2.363640785,2.324006796
2022/3/12 21:35,279324,0.300000042,0,2.288605475,21.9555378,28.18951988,1.471448898,1.090698004,37.66393661,0,2.33452034,2.606303453
2022/3/12 21:40,279324,0.300000042,0,2.288605475,21.925951,28.52804375,1.697907805,1.366071939,37.66540527,0,1.960455775,2.294640541
2022/3/12 21:45,279324,0.300000042,0,2.288605475,21.6812973,29.10123825,1.794597149,1.451137424,37.59425735,0,2.115247488,2.353949308
2022/3/12 21:50,279324,0.300000042,0,2.288605475,21.47012711,29.76350403,1.969873905,1.608497024,37.51760101,0,2.022818089,2.184232235
2022/3/12 21:55,279324,0.300000042,0,2.288605475,21.47012711,29.76350403,1.969873905,1.608497024,37.51760101,0,2.083480597,2.163515568
2022/3/12 22:00,279324,0.300000042,0,2.288605475,21.00722504,29.91540909,1.747874856,1.38799727,37.42390442,0,2.034267426,2.003685951
2022/3/12 22:05,279324,0.300000042,0,2.288605475,20.88881683,30.59921074,1.498907447,1.180856943,37.3986702,0,2.038178682,2.086900711
2022/3/12 22:10,279324,0.300000042,0,2.288605475,21.35238457,28.32692146,0.880280077,0.680047274,37.39472198,0,1.575252414,1.758811474
2022/3/12 22:15,279324,0.300000042,0,2.288605475,21.53105736,29.32359886,1.355841279,0.967506289,37.36343384,0,1.889109612,1.895635486
2022/3/12 22:20,279324,0.300000042,0,2.288605475,21.10411644,30.15499115,2.188896179,1.799489617,37.33259583,0,2.051418781,2.105629683
2022/3/12 22:25,279324,0.300000042,0,2.288605475,20.89203453,30.81440544,1.879880309,1.514810801,37.30659485,0,2.149836063,2.119153738
2022/3/12 22:30,279324,0.300000042,0,2.288605475,20.62587738,30.40797615,2.550785065,2.039284229,37.25190735,0,2.12188983,2.108284473
2022/3/12 22:35,279324,0.300000042,0,2.288605475,20.34074783,31.44001961,1.929152489,1.525089622,37.14912415,0,2.096679926,2.086564302
2022/3/12 22:40,279324,0.300000042,0,2.288605475,20.49116135,30.96097183,1.361487389,0.985419571,37.13008499,0,1.976254821,2.077999115
2022/3/12 22:45,279324,0.300000042,0,2.288605475,20.48692703,31.03693962,1.781056166,1.408376217,37.12879562,0,2.003215075,2.01466608
2022/3/12 22:50,279324,0.300000042,0,2.288605475,20.29529572,31.37269211,2.120030642,1.747151613,37.13492966,0,2.222348452,2.029591322
2022/3/12 22:55,279324,0.300000042,0,2.288605475,20.10659599,32.54866409,1.887011766,1.520365715,37.05845261,0,1.96577549,2.122407198
2022/3/12 23:00,279324,0.300000042,0,2.288605475,20.05843353,31.78282166,1.733257651,1.308055639,37.00792313,0,1.991960764,2.033517838
2022/3/12 23:05,279324,0.300000042,0,2.288605475,19.82403183,32.76400375,2.231143475,1.84171927,36.95062256,0,1.937545657,1.985845089
2022/3/12 23:10,279324,0.300000042,0,2.288605475,19.62794685,32.44610977,1.946348667,1.525696874,36.8765564,0,2.134784698,2.043490648
2022/3/12 23:15,279324,0.300000042,0,2.288605475,19.5689106,33.27833557,1.925751567,1.500353098,36.86614227,0,2.167568207,2.162566185
2022/3/12 23:20,279324,0.300000042,0,2.288605475,19.31172752,33.96621323,2.138042212,1.686441183,36.77881622,0,2.07703495,2.111062765
2022/3/12 23:25,279324,0.300000042,0,2.288605475,19.09730911,34.48950958,1.762807369,1.456634879,36.71947098,0,2.07703495,2.111062765
2022/3/12 23:30,279324,0.300000042,0,2.288605475,19.11227989,34.20687866,1.802640915,1.330573559,36.69199371,0,1.905124784,1.96747911
2022/3/12 23:35,279324,0.300000042,0,2.288605475,19.02848625,33.99936676,1.868384123,1.426965356,36.67644882,0,1.919794798,1.923764825
2022/3/12 23:40,279324,0.300000042,0,2.288605475,18.78257561,34.47700882,2.252257109,1.736176491,36.65506744,0,1.90479064,1.908426404
2022/3/12 23:45,279324,0.300000042,0,2.288605475,18.7058506,34.30256653,1.509350538,1.076184869,36.59279633,0,1.927036405,1.904120922
2022/3/12 23:50,279324,0.300000042,0,2.288605475,19.01350594,33.46614838,0.790501893,0.46734944,36.51415253,0,1.924069405,1.901344657
2022/3/12 23:55,279324,0.300000042,0,2.288605475,18.97935677,32.54790878,0.834097326,0.512823939,36.46926498,0,1.776729226,1.725494742
2022/3/13 0:00,279324,0.300000042,0,2.288605475,18.90473175,34.15988159,1.21145463,0.838156343,36.4640274,0,1.738518715,1.762203217
2022/3/13 0:05,279324,0.300000042,0,2.288605475,18.63726044,33.74972153,1.140812755,0.759970963,36.44627762,0,1.536725521,1.58428061
2022/3/13 0:10,279324,0.300000042,0,2.288605475,18.60052299,32.977314,1.439877987,1.087611914,36.443573,0,1.59902668,1.595465183
2022/3/13 0:15,279324,0.300000042,0,2.288605475,18.65348625,35.33724594,1.725983381,1.342231631,36.43380356,0,1.489112258,1.528147221
2022/3/13 0:20,279324,0.300000042,0,2.288605475,18.47807312,38.11339188,1.993597746,1.543199897,36.44216537,0,1.593304873,1.669597626
2022/3/13 0:25,279324,0.300000042,0,2.288605475,18.20892334,40.76116562,2.281951666,1.745214701,36.45787048,0,1.981762648,2.043502092
2022/3/13 0:30,279324,0.300000042,0,2.288605475,18.1853714,39.99736786,1.892264605,1.453941703,36.43321228,0,2.181003571,2.171705246
2022/3/13 0:35,279324,0.300000042,0,2.288605475,18.29904938,39.50384521,1.165974379,0.822733104,36.38209915,0,2.10550046,2.085314989
2022/3/13 0:40,279324,0.300000042,0,2.288605475,18.29904938,39.50384521,1.165974379,0.822733104,36.38209915,0,2.421585798,2.327736855
2022/3/13 0:45,279324,0.300000042,0,2.288605475,18.0237999,38.25074768,1.904045343,1.406566501,36.36333466,0,2.513939857,2.537564993
2022/3/13 0:50,279324,0.300000042,0,2.288605475,17.97245407,39.7089119,1.792644978,1.375073433,36.30498886,0,2.149465799,2.166528702
2022/3/13 0:55,279324,0.300000042,0,2.288605475,17.7528019,40.23320389,1.975581408,1.549401045,36.26617813,0,1.970941544,1.910840273
2022/3/13 1:00,279324,0.300000042,0,2.288605475,17.5788269,41.13813782,2.012836695,1.570122719,36.25052643,0,1.87351799,1.905044675
2022/3/13 1:05,279324,0.300000042,0,2.288605475,17.6347065,41.62953186,1.242745638,0.849634767,36.26210785,0,1.768918395,1.714027166
2022/3/13 1:10,279324,0.300000042,0,2.288605475,17.70539284,41.9431572,1.120078564,0.70334965,36.27418518,0,1.680098772,1.646957517
2022/3/13 1:15,279324,0.300000042,0,2.288605475,17.62813377,43.38023758,1.516740322,1.102566481,36.30572128,0,1.638318777,1.62163341
2022/3/13 1:20,279324,0.300000042,0,2.288605475,17.74038506,41.79699707,0.821700752,0.465349257,36.33255005,0,1.636918426,1.671405077
2022/3/13 1:25,279324,0.300000042,0,2.288605475,17.65802765,41.01533508,1.608357549,1.198158979,36.24361038,0,1.728573918,1.686356783
2022/3/13 1:30,279324,0.300000042,0,2.288605475,17.41360664,41.70239258,1.856878877,1.372870564,36.14593506,0,1.749499679,1.752763033
2022/3/13 1:35,279324,0.300000042,0,2.288605475,17.18159866,41.89408493,1.591222882,1.138440251,36.09960175,0,1.770081639,1.731282234
2022/3/13 1:40,279324,0.300000042,0,2.288605475,17.28792572,42.26200485,1.460519791,1.009354353,36.10465622,0,1.979218483,1.975725532
2022/3/13 1:45,279324,0.300000042,0,2.288605475,17.23760605,41.84550858,1.860452414,1.489714861,36.12812805,0,1.927065372,1.891116858
2022/3/13 1:50,279324,0.300000042,0,2.288605475,17.04086876,42.87942886,2.272247076,1.794624448,36.14403534,0,1.951110959,1.874040246
2022/3/13 1:55,279324,0.300000042,0,2.288605475,16.92232323,42.7289238,1.917105913,1.57740128,36.18058395,0,1.911613941,1.784783125
2022/3/13 2:00,279324,0.300000042,0,2.288605475,16.80617714,43.79382324,2.167425394,1.738414645,36.20545197,0,1.813656092,1.828541398
2022/3/13 2:05,279324,0.300000042,0,2.288605475,16.65443993,43.34173965,2.229587793,1.657242656,36.14903641,0,1.905667186,1.837492824
2022/3/13 2:10,279324,0.300000042,0,2.288605475,16.65173912,44.02642059,1.585924387,1.13830483,36.12870789,0,1.905667186,1.837492824
2022/3/13 2:15,279324,0.300000042,0,2.288605475,16.66280746,43.97240448,1.598903179,1.235488176,36.27043533,0,2.130819559,2.079508066
2022/3/13 2:20,279324,0.300000042,0,2.288605475,16.42434311,45.79585266,1.961574078,1.497574449,36.21325302,0,2.066248178,1.948374867
2022/3/13 2:25,279324,0.300000042,0,2.288605475,16.27399445,45.9024086,2.022435188,1.509988785,36.09740448,0,2.007025957,1.901804328
2022/3/13 2:30,279324,0.300000042,0,2.288605475,16.26840019,45.88384628,1.64350009,1.186259151,35.98387527,0,1.921682239,1.808737397
2022/3/13 2:35,279324,0.300000042,0,2.288605475,16.02565956,47.641922,1.679276466,1.268185973,35.81367493,0,1.547478795,1.515514135
2022/3/13 2:40,279324,0.300000042,0,2.288605475,15.96838951,48.05208588,1.164492846,0.796186745,35.71294022,0,1.83406198,1.633278966
2022/3/13 2:45,279324,0.300000042,0,2.288605475,16.41502762,44.77850342,0.953998089,0.545474231,35.62125778,0,1.953378081,1.833884716
2022/3/13 2:50,279324,0.300000042,0,2.288605475,16.34956741,45.90670776,2.101678133,1.559391618,35.49060059,0,1.921971917,1.756360292
2022/3/13 2:55,279324,0.300000042,0,2.288605475,16.05050659,46.8526535,2.519758463,1.904436707,35.35388565,0,1.87119019,1.775118828
2022/3/13 3:00,279324,0.300000042,0,2.288605475,15.8689909,47.31710815,2.009957552,1.521726966,35.21633911,0,2.020479679,1.981357098
2022/3/13 3:05,279324,0.300000042,0,2.288605475,15.89938164,46.75829697,1.592073083,1.188445807,35.06293106,0,1.799419284,1.826617718
2022/3/13 3:10,279324,0.300000042,0,2.288605475,15.69869137,46.87654495,1.934036016,1.510429144,34.92927933,0,1.657285213,1.577165842
2022/3/13 3:15,279324,0.300000042,0,2.288605475,15.68773651,48.73001099,1.584572673,1.115744114,34.80789948,0,1.62462914,1.567972302
2022/3/13 3:20,279324,0.300000042,0,2.288605475,15.64677429,47.61419678,1.56967628,1.198634267,34.77623367,0,1.791025162,1.624006987
2022/3/13 3:25,279324,0.300000042,0,2.288605475,15.77728462,48.87564087,1.343503833,0.868783057,34.79004669,0,1.732412338,1.657302976
2022/3/13 3:30,279324,0.300000042,0,2.288605475,15.72088432,46.4971962,1.641628623,1.210645318,34.77693939,0,1.818684459,1.757738233
2022/3/13 3:35,279324,0.300000042,0,2.288605475,15.62940216,45.57106018,1.755401492,1.393541098,34.76042557,0,1.715353608,1.661352515
2022/3/13 3:40,279324,0.300000042,0,2.288605475,15.52270508,46.99974823,1.57369709,1.233437061,34.72177887,0,1.737576365,1.655332208
2022/3/13 3:45,279324,0.300000042,0,2.288605475,15.55530262,46.10430908,1.659805298,1.193531871,34.68785477,0,1.660436273,1.618402123
2022/3/13 3:50,279324,0.300000042,0,2.288605475,15.47695827,47.63211823,1.865807056,1.394873261,34.65637589,0,1.843330503,1.539601803
2022/3/13 3:55,279324,0.300000042,0,2.288605475,15.40981293,48.25947571,1.656458616,1.22626996,34.62563324,0,1.89198947,1.605518579
2022/3/13 4:00,279324,0.300000042,0,2.288605475,15.55475616,47.01134109,1.103436947,0.654318869,34.426548,0,1.836576104,1.724051356
2022/3/13 4:05,279324,0.300000042,0,2.288605475,15.47934532,48.19806671,1.596614599,1.141058326,34.34722137,0,1.787497759,1.727600336
2022/3/13 4:10,279324,0.300000042,0,2.288605475,15.23128986,50.19338608,1.939303517,1.488507032,34.3849411,0,2.020541191,1.864970326
2022/3/13 4:15,279324,0.300000042,0,2.288605475,15.00905228,49.4262619,1.987840891,1.486720324,34.33502197,0,1.991752982,1.872758985
2022/3/13 4:20,279324,0.300000042,0,2.288605475,15.09183025,49.61268234,1.202259421,0.701824367,34.27829361,0,2.029083967,1.838409066
2022/3/13 4:25,279324,0.300000042,0,2.288605475,14.98805809,48.51698303,1.372129798,0.974739492,34.29740906,0,1.652210116,1.609059572
2022/3/13 4:30,279324,0.300000042,0,2.288605475,14.90327644,47.6780014,1.799590111,1.27848351,34.30103302,0,1.787298083,1.770608664
2022/3/13 4:35,279324,0.300000042,0,2.288605475,14.76579952,49.02998352,1.894433022,1.441172957,34.14915848,0,1.649254441,1.667273521
2022/3/13 4:40,279324,0.300000042,0,2.288605475,14.63871384,49.4618721,1.98128891,1.464993119,34.22403336,0,1.649254441,1.667273521
2022/3/13 4:45,279324,0.300000042,0,2.288605475,14.59227562,49.78590393,1.781831622,1.319649696,34.20728302,0,1.721933842,1.684285045
2022/3/13 4:50,279324,0.300000042,0,2.288605475,14.62021637,48.27504349,1.525026917,1.016608715,34.20836639,0,1.884987831,1.779034972
2022/3/13 4:55,279324,0.300000042,0,2.288605475,14.6745491,48.69489288,1.277464271,0.771746099,34.16731644,0,1.841312885,1.78654027
2022/3/13 5:00,279324,0.300000042,0,2.288605475,14.6263752,48.07384109,1.631712079,1.235862613,34.14241028,0,2.034690619,1.953401446
2022/3/13 5:05,279324,0.300000042,0,2.288605475,14.51378155,47.74734879,1.744006991,1.266735435,34.05702972,0,2.220883846,2.00723505
2022/3/13 5:10,279324,0.300000042,0,2.288605475,14.51378155,47.74734879,1.744006991,1.266735435,34.05702972,0,1.886052251,1.768288374
2022/3/13 5:15,279324,0.300000042,0,2.288605475,14.33349609,47.29956818,1.777510881,1.296379924,33.99686813,0,1.827621698,1.756438971
2022/3/13 5:20,279324,0.300000042,0,2.288605475,14.31878662,49.09025955,1.666858435,1.211636543,34.02169418,0,1.78757906,1.710244536
2022/3/13 5:25,279324,0.300000042,0,2.288605475,14.21329689,48.36199188,1.701040626,1.142368078,34.04031372,0,1.78757906,1.710244536
2022/3/13 5:30,279324,0.300000042,0,2.288605475,14.34588051,47.24875259,1.159857273,0.689215183,34.09221649,0,2.075539351,1.997606277
2022/3/13 5:35,279324,0.300000042,0,2.288605475,14.50448227,47.75205994,1.447904468,0.921766758,34.13246918,0,1.863890767,1.823918819
2022/3/13 5:40,279324,0.300000042,0,2.288605475,14.31502342,50.10498047,1.953172326,1.467197537,34.16947174,0,1.768796921,1.803908348
2022/3/13 5:45,279324,0.300000042,0,2.288605475,14.20367718,49.72388458,1.625583053,1.065732479,34.20003128,0,1.867639899,1.73794055
2022/3/13 5:50,279324,0.300000042,0,2.288605475,14.13933277,51.61274338,1.726098537,1.272089243,34.18640137,0,1.886673689,1.749812365
2022/3/13 5:55,279324,0.300000042,0,2.288605475,13.97251129,52.15681458,1.82622993,1.369107723,34.21070862,0,1.854403734,1.604617834
2022/3/13 6:00,279324,0.300000042,0,2.288605475,13.89459229,53.07398987,1.712893605,1.23724854,34.18227768,0,1.999863386,1.833698153
2022/3/13 6:05,279324,0.300000042,0,2.288605475,13.88747025,53.79811859,1.413749814,1.040280104,34.18941498,0,2.181130171,1.985284805
2022/3/13 6:10,279324,0.300000042,0,2.288605475,13.90650654,53.29491043,1.472450256,0.858636975,34.21528244,0,2.144872189,1.865801454
2022/3/13 6:15,279324,0.300000042,0,2.288605475,13.96354961,53.77000046,2.229417324,1.678709507,34.11984634,0,2.172506571,2.097149134
2022/3/13 6:20,279324,0.300000042,0,2.288605475,13.86547661,53.9459877,4.46225214,3.744533539,34.09717941,0,3.75543952,3.654769659
2022/3/13 6:25,279324,0.300000042,0,2.288605475,13.68941498,53.63273621,5.951851368,5.176508904,34.06217194,0,4.859183311,4.601398468
2022/3/13 6:30,279324,0.300000042,0,2.288605475,13.74467278,52.98458481,4.644352436,3.988624811,34.00450134,0,5.282752514,4.970862865
2022/3/13 6:35,279324,0.300000042,0,2.288605475,13.75479889,52.93338013,4.813288689,3.975917816,33.83647919,0,5.614222527,5.196010113
2022/3/13 6:40,279324,0.300000042,0,2.288605475,13.60686493,53.23975372,8.734129906,7.586668968,33.80714798,0,8.35753727,7.78155756
2022/3/13 6:45,279324,0.300000042,-0.0002,2.288605475,13.50507259,55.23370743,14.46562767,11.90689659,33.80972672,0,13.15306282,12.26606369
2022/3/13 6:50,279324,1.279999971,0.026333332,2.288605475,13.55388927,54.16680908,22.32367516,14.83313274,33.84262466,0,19.12478638,17.00330544
2022/3/13 6:55,279324,1.351333261,0.059966668,2.288605475,13.86651802,53.04553223,30.21015739,17.31060791,33.85128021,0,26.68392181,21.41594696
2022/3/13 7:00,279324,1.393999934,0.097333312,2.288605475,14.37455845,54.09809875,40.078022,20.55216026,33.85086441,0,35.79609299,25.50976372
2022/3/13 7:05,279324,1.422000051,0.256433338,2.288605475,14.87370014,53.39319229,51.5514946,24.67622757,33.86571121,0,47.12880325,29.67034531
2022/3/13 7:10,279324,1.491999984,0.363999993,2.288605475,15.36974812,52.13038254,69.12758636,27.06927299,33.86373138,0,47.12880325,29.67034531
2022/3/13 7:15,279324,1.557333231,0.466700047,2.288605475,15.77530861,51.77081299,80.74039459,29.87729836,33.87942886,0,77.86700439,37.11441803
2022/3/13 7:20,279324,1.835333705,0.563566744,2.288605475,16.47104645,49.78529358,69.83274078,34.22516632,33.92584991,0,95.74739075,40.72078705
2022/3/13 7:25,279324,2.214666605,0.71086663,2.288605475,17.10852432,49.9723587,67.75013733,37.55888367,33.95983124,0,115.5413666,43.82365799
2022/3/13 7:30,279324,2.469333172,0.92293328,2.288605475,18.57307625,47.41172028,141.1218872,36.7075386,34.10018539,0,136.1193848,46.99760056
2022/3/13 7:35,279324,2.718666553,1.078133464,2.288605475,19.89069748,42.06076431,122.0880585,39.55441284,34.28582764,0,158.8911438,49.90671921
2022/3/13 7:40,279324,3.034666538,1.243633389,2.288605475,20.24785233,39.77913284,135.0081635,43.34986877,34.40255737,0,183.3202209,52.83680725
2022/3/13 7:45,279324,3.366666794,1.414399981,2.288605475,20.64870071,39.56430054,160.4217682,44.17958832,34.50254822,0,208.5729828,56.24123764
2022/3/13 7:50,279324,3.717999935,1.585200071,2.288605475,21.36681747,35.57752228,226.2472839,45.44285965,34.7539978,0,235.4489288,60.56404114
2022/3/13 7:55,279325,4.06533289,1.759500027,2.288605475,21.72934341,33.63307953,259.5787048,47.30519104,35.16804886,0,263.1070557,64.84102631
2022/3/13 8:00,279325,4.438000202,1.929233432,2.288605475,21.94913864,30.89282799,284.6029053,50.89745712,35.56723785,0,290.0630188,68.27069092
2022/3/13 8:05,279325,4.759333611,2.103966713,2.288605475,22.11432076,26.96660042,310.686615,54.84651947,35.93827438,0,314.4629211,69.95194244
2022/3/13 8:10,279325,5.168000221,2.264466763,2.288605475,22.64365387,26.08598137,334.6854248,58.54225922,36.20020294,0,338.7555237,73.33117676
2022/3/13 8:15,279325,5.589333057,2.426100254,2.288605475,22.97846603,25.4127388,359.7608032,63.55564499,36.47663879,0,365.1643677,78.76931763
2022/3/13 8:20,279326,5.96333313,2.597066879,2.288605475,23.51263809,25.70370865,382.8775635,66.76825714,36.73884201,0,389.473114,84.02832031
2022/3/13 8:25,279326,6.352666855,3.366099834,2.288605475,24.04610252,23.50945854,408.1593628,70.53846741,36.95768738,0,412.1964722,87.67294312
2022/3/13 8:30,279326,6.744666576,4.927633286,2.288605475,24.25776863,22.98324013,435.9833069,73.43668365,37.03870392,0,435.4692993,90.7271347
2022/3/13 8:35,279327,7.113333225,5.058233261,2.288605475,24.46019936,22.15638733,456.4935303,76.71713257,37.04624939,0,457.7934265,93.19522095
2022/3/13 8:40,279327,7.475999832,5.11220026,2.288605475,24.42782974,22.15208435,474.5532227,80.69178772,37.19104004,0,480.359375,96.31533051
2022/3/13 8:45,279328,7.799332619,5.176333904,2.288605475,25.00714302,22.15311432,491.6010132,81.08546448,37.18843079,0,500.0153809,97.35157013
2022/3/13 8:50,279328,8.131999969,5.249266624,2.288605475,25.26435089,21.76087379,513.1244507,84.31590271,37.18998718,0,521.4667358,99.11100006
2022/3/13 8:55,279328,8.47133255,5.341600418,2.288605475,25.49744797,21.12353134,536.1151123,88.38760376,37.26701355,0,543.9769287,102.1530457
2022/3/13 9:00,279329,8.805999756,5.458133698,2.288605475,26.06279755,21.06169701,556.7203979,90.2808609,37.37070465,0,566.446167,105.2995834
2022/3/13 9:05,279329,9.160000801,5.565833092,2.288605475,26.41698265,20.12876892,579.211853,94.01395416,37.42530823,0,590.1781006,108.8505478
2022/3/13 9:10,279330,9.512001038,5.657732964,2.288605475,26.43240738,20.08855629,601.2816162,98.36249542,37.46035385,0,611.9892578,110.4368439
2022/3/13 9:15,279330,9.793999672,5.736100197,2.288605475,26.96679115,20.01638603,616.2033691,99.30823517,37.47113037,0,632.1564331,110.8468628
2022/3/13 9:20,279331,10.11266804,5.83729887,2.288605475,27.4356041,18.32465363,633.8679199,103.4998856,37.28033447,0,652.4898682,111.882164
2022/3/13 9:25,279331,10.43866539,5.948200226,2.288605475,27.6308651,17.29415894,654.0614624,109.9757614,37.25569916,0,674.4196777,114.8639069
2022/3/13 9:30,279332,10.76266575,6.050733089,2.288605475,27.66547394,17.33522797,675.465332,117.7568054,37.31594467,0,696.151123,116.2214432
2022/3/13 9:35,279332,11.03666782,6.115066528,2.288605475,28.14830971,17.53987694,695.1968994,124.0802994,37.29016495,0,714.5782471,116.4928131
2022/3/13 9:40,279332,11.03666782,6.115066528,2.288605475,28.14830971,17.53987694,695.1968994,124.0802994,37.29016495,0,732.5054321,117.6542664
2022/3/13 9:45,279333,11.56133461,6.256533146,2.288605475,28.66983986,16.74419212,732.6525269,125.3059311,37.21925354,0,748.7584229,118.2007599
2022/3/13 9:50,279334,11.85399723,6.347367287,2.288605475,29.06579781,16.183815,749.1304321,121.3770065,37.19654846,0,760.8685303,119.7681885
2022/3/13 9:55,279334,12.0826683,6.407466412,2.288605475,29.32656288,15.40145111,760.7017822,114.3036118,37.10807037,0,773.6411743,119.8945999
2022/3/13 10:00,279335,12.33333111,6.488666534,2.288605475,29.32817459,14.97226334,779.5906372,116.382431,37.10626984,0,791.4564209,121.4484634
2022/3/13 10:05,279335,12.44866467,6.492499828,2.288605475,29.89376831,14.88012981,792.1047974,111.8565521,37.09545517,0,808.7427979,121.0453033
2022/3/13 10:10,279336,12.67666721,6.532366753,2.288605475,30.34798813,14.77328491,810.0545654,112.0081558,37.0255928,0,828.6835938,123.3093414
2022/3/13 10:15,279337,12.86932945,6.593533993,2.288605475,30.47995758,14.34326935,828.5494385,115.1243591,37.03261566,0,847.0391235,125.22052
2022/3/13 10:20,279337,13.08800125,6.64029932,2.288605475,30.66529274,14.50722599,845.2337646,115.6932831,37.07942581,0,864.1173096,126.6911087
2022/3/13 10:25,279338,13.32532883,6.69149971,2.288605475,30.51760292,14.1650486,865.2269897,119.4022064,37.04342651,0,882.6428833,129.2923584
2022/3/13 10:30,279338,13.5180006,6.742133617,2.288605475,30.65059853,14.24447823,880.37146,120.1373367,37.13716888,0,899.3483887,129.8687744
2022/3/13 10:35,279339,13.74333286,6.780666351,2.288605475,30.83517456,14.13506508,895.4921265,120.8667755,37.18395996,0,912.6425171,129.668335
2022/3/13 10:40,279339,13.93066406,6.819700241,2.288605475,31.38733482,13.98028183,908.8758545,119.0998459,37.19305801,0,929.2451172,130.9885101
2022/3/13 10:45,279340,13.99066448,6.816100597,2.288605475,31.72947884,13.73972034,918.8465576,115.8763199,37.1540451,0,940.9500732,129.2086945
2022/3/13 10:50,279340,14.04600143,6.829167366,2.288605475,31.97707939,13.30287266,930.6803589,115.5188904,37.13237381,0,955.1481323,130.627533
2022/3/13 10:55,279341,14.17466927,6.882766724,2.288605475,32.02062988,13.34802341,944.9606323,117.8198471,37.21202469,0,969.6524048,133.1513062
2022/3/13 11:00,279342,14.25533295,6.904500961,2.288605475,32.15774536,13.55096436,955.9797363,118.7910156,36.99159241,0,982.2008667,133.7732391
2022/3/13 11:05,279342,14.46466446,6.926866055,2.288605475,32.15603638,13.2536068,969.1516724,121.8331833,36.06563187,0,998.5593872,138.5672455
2022/3/13 11:10,279343,14.55333519,6.952699661,2.288605475,32.46739197,13.44991493,977.1157227,121.0219269,36.34197617,0,1014.041626,141.5355072
2022/3/13 11:15,279343,14.68733597,6.993533134,2.288605475,32.5755043,13.06310558,987.9153442,121.6217499,37.15320969,0,1027.55603,143.230423
2022/3/13 11:20,279344,14.66266918,7.001234055,2.288605475,32.72442245,13.18803406,994.0073853,120.1547089,37.13089752,0,1038.65918,141.9393158
2022/3/13 11:25,279345,14.76733208,7.08636713,2.288605475,32.77705383,13.25200844,1006.314941,124.5115356,37.15704346,0,1048.951294,140.5628967
2022/3/13 11:30,279345,14.8799963,7.085866928,2.288605475,33.18378448,12.88143539,1013.819153,122.6186752,37.12788391,0,1059.633911,139.5626984
2022/3/13 11:35,279346,15.03800201,7.103867531,2.288605475,33.15760422,12.92022324,1021.759094,125.3854904,37.222229,0,1069.308594,138.2740326
2022/3/13 11:40,279346,15.13667011,7.138999939,2.288605475,32.94137573,12.82143307,1033.961426,129.1961212,37.38231659,0,1079.714966,138.190155
2022/3/13 11:45,279347,15.18067265,7.100667477,2.288605475,33.02976608,13.00438023,1047.822266,128.4960327,37.46519852,0,1079.714966,138.190155
2022/3/13 11:50,279348,15.18400383,7.109167099,2.288605475,33.25489044,12.82496643,1057.255859,129.5435791,37.42794418,0,1090.307495,130.8030853
2022/3/13 11:55,279348,15.30199814,7.157800198,2.288605475,33.44543839,12.81067467,1067.500366,132.7186279,37.42795181,0,1102.800293,131.5228882
2022/3/13 12:00,279349,15.41199684,7.223433018,2.288605475,33.35778809,12.61447144,1075.764893,133.3457489,37.48264694,0,1118.047729,130.1965942
2022/3/13 12:05,279349,15.36266327,7.208833694,2.288605475,33.73902512,12.7123518,1075.467041,127.3052139,37.48087692,0,1125.350952,125.4554901
2022/3/13 12:10,279350,15.40666389,7.197667122,2.288605475,33.88506699,12.33501148,1080.706055,127.3391953,37.49970245,0,1133.567505,124.6800995
2022/3/13 12:15,279351,15.27066517,7.140767097,2.288605475,34.05259705,12.30770969,1084.065186,126.6135406,37.43798065,0,1137.702148,122.0285873
2022/3/13 12:20,279351,15.156003,7.12476635,2.288605475,33.89673996,12.31929398,1089.097778,129.3266449,37.3563652,0,1141.369141,121.0335236
2022/3/13 12:25,279352,15.04933548,7.099866867,2.288605475,34.52243423,12.37041855,1084.716431,125.7847672,37.29328918,0,1143.556763,119.9338608
2022/3/13 12:30,279352,15.3619976,7.16549921,2.288605475,34.34063721,12.26996422,1093.894287,133.781662,37.30572128,0,1149.902588,124.1189499
2022/3/13 12:35,279353,15.45266533,7.168766022,2.288605475,34.64963531,12.20773125,1091.512695,132.1526184,37.2782402,0,1151.11792,124.7323532
2022/3/13 12:40,279353,15.35866261,7.134132385,2.288605475,34.94165039,12.13716316,1088.182373,130.929184,37.2301178,0,1149.393677,124.2066803
2022/3/13 12:45,279354,15.39866447,7.171766281,2.288605475,34.90810394,12.17412758,1090.190918,135.353775,37.19723511,0,1148.814819,123.3654022
2022/3/13 12:50,279355,15.48666668,7.197666645,2.288605475,34.91801834,12.12816143,1087.268311,134.2098083,37.10824966,0,1147.730957,121.8806229
2022/3/13 12:55,279355,15.50333309,7.184100151,2.288605475,35.1316185,11.99117756,1088.075928,135.1249237,37.20289612,0,1146.551025,121.9112244
2022/3/13 13:00,279356,15.47333336,7.187066555,2.288605475,35.32775879,11.94820881,1088.078003,138.5359344,37.24362183,0,1144.496704,122.4687729
2022/3/13 13:05,279356,15.41666412,7.164399624,2.288605475,35.2840538,11.97061825,1086.202881,140.7346191,37.19943237,0,1141.231567,122.3331146
2022/3/13 13:10,279357,15.31999683,7.137266636,2.288605475,35.15184402,12.20672703,1083.194458,140.4531708,37.25634003,0,1137.307617,122.143425
2022/3/13 13:15,279358,15.25200081,7.142932892,2.288605475,35.41859818,12.05302048,1080.036255,138.7232208,37.09605789,0,1132.917358,121.8245468
2022/3/13 13:20,279358,15.3239975,7.194533348,2.288605475,35.61962509,12.05908585,1078.286255,140.4053802,37.33115387,0,1129.757324,122.9411163
2022/3/13 13:25,279358,15.3239975,7.194533348,2.288605475,35.61962509,12.05908585,1078.286255,140.4053802,37.33115387,0,1125.150513,124.124588
2022/3/13 13:30,279359,15.3493309,7.139099598,2.288605475,35.67914581,11.96129513,1066.326416,139.5148468,37.4978714,0,1118.001099,124.5788116
2022/3/13 13:35,279360,15.23333454,7.127099514,2.288605475,36.00194931,12.06918812,1059.762085,139.277298,37.52006531,0,1106.780273,125.7067184
2022/3/13 13:40,279361,15.23333454,7.115832329,2.288605475,35.99690247,11.78699017,1047.68811,132.0810699,37.52942276,0,1085.936035,128.9766846
2022/3/13 13:45,279361,15.02800083,7.047167301,2.288605475,36.13576889,11.80895138,1031.762207,123.2438354,37.51340103,0,1072.494873,131.0705414
2022/3/13 13:50,279362,14.90866375,7.051433563,2.288605475,36.18325424,11.69178867,1025.276611,125.1957321,37.68568802,0,1062.231323,132.2701263
2022/3/13 13:55,279362,14.87199783,7.037666798,2.288605475,36.38923645,11.69836044,1014.523071,121.7629929,37.84989166,0,1055.397949,134.9422302
2022/3/13 14:00,279363,14.78999901,7.005566597,2.288605475,36.23508072,11.64673615,1005.677856,121.6117096,37.90882874,0,1048.202393,137.2845306
2022/3/13 14:05,279364,14.77599812,6.970566273,2.288605475,36.49303436,11.58136463,994.4226074,117.9301071,37.84526443,0,1037.66748,137.8332672
2022/3/13 14:10,279364,14.5606699,6.946932793,2.288605475,36.75972366,11.53301811,984.1173096,118.1276245,37.89938736,0,1025.869751,138.6808624
2022/3/13 14:15,279365,14.37133026,6.891300201,2.288605475,36.30794907,11.43883801,976.4232178,122.366394,37.96881485,0,1012.708374,136.8872375
2022/3/13 14:20,279365,14.06400013,6.767767429,2.288605475,36.42037201,11.39786339,964.0188599,119.8770599,37.80698776,0,999.7588501,133.8788605
2022/3/13 14:25,279366,13.72933388,6.692699909,2.288605475,37.07574463,11.53604126,949.7207031,117.5783844,37.64603043,0,985.9490356,132.9230957
2022/3/13 14:30,279366,13.81599712,6.687999249,2.288605475,37.42229843,11.3829937,939.9248047,119.0415192,37.53279877,0,974.7302246,135.2294617
2022/3/13 14:35,279367,13.72333431,6.69936657,2.288605475,37.35732651,11.03692722,928.4694214,119.6549759,37.53269577,0,961.9325562,136.2979431
2022/3/13 14:40,279368,13.40266609,6.611199856,2.288605475,37.31995392,11.48873997,911.2896118,115.5272751,37.48047638,0,961.9325562,136.2979431
2022/3/13 14:45,279368,13.23533535,6.541732788,2.288605475,37.70621109,11.19987106,897.4904785,115.4263611,37.39896011,0,931.2161865,128.1578979
2022/3/13 14:50,279369,13.28533268,6.548566818,2.288605475,37.15407944,11.19641972,888.6065063,122.4150314,37.5040741,0,922.616333,130.3091278
2022/3/13 14:55,279369,13.05200005,6.527766705,2.288605475,37.01599503,11.41044235,868.9945068,118.5832977,37.72099304,0,914.4707642,130.899231
2022/3/13 15:00,279370,12.83933067,6.494166851,2.288605475,37.48773193,11.34343243,852.8654785,119.7503433,37.62033463,0,899.8845825,128.045105
2022/3/13 15:05,279370,12.81066418,6.4399333,2.288605475,37.24034119,11.25496006,836.6166992,122.2907486,37.77846146,0,882.4743042,123.0453339
2022/3/13 15:10,279371,12.62466812,6.346699715,2.288605475,37.51525497,11.13399982,795.7281494,116.386116,37.44987488,0,865.934082,119.6883087
2022/3/13 15:15,279371,12.28733349,6.312000751,2.288605475,37.64638519,11.12885571,791.4446411,115.5523224,37.44817352,0,849.3765259,118.4704056
2022/3/13 15:20,279372,12.02733421,6.286832333,2.288605475,37.6893158,11.38200474,784.2807617,109.309021,37.37509155,0,834.3096313,119.866188
2022/3/13 15:25,279372,11.90266418,6.245966911,2.288605475,37.62182617,11.38649178,774.2670898,112.4920883,37.51519012,0,815.7759399,119.0786667
2022/3/13 15:30,279373,11.83266449,6.231767178,2.288605475,37.51895905,11.25099659,760.8122559,110.7333984,37.79846573,0,800.0009766,118.7030106
2022/3/13 15:35,279373,11.66333389,6.183400154,2.288605475,37.41967773,11.40376186,743.5401611,109.6161346,37.97930527,0,784.4014893,119.1715622
2022/3/13 15:40,279374,11.36333275,6.085166931,2.288605475,37.87659836,11.52088261,720.84552,102.5410309,38.28152847,0,764.166687,117.8977814
2022/3/13 15:45,279374,10.99133301,5.967033386,2.288605475,37.94512939,11.11970901,700.0042114,97.82362366,37.88394165,0,740.7133179,112.3207321
2022/3/13 15:50,279375,10.70866776,5.935399532,2.288605475,37.99959564,11.28384876,682.6034546,97.42818451,37.71644211,0,722.5574951,113.4094391
2022/3/13 15:55,279375,10.49466705,5.841666222,2.288605475,37.57887268,11.33617783,666.1885376,99.20586395,37.82357407,0,700.5701294,111.5589523
2022/3/13 16:00,279376,10.16800117,5.737667084,2.288605475,37.46342087,11.47963905,647.1344604,96.26647186,37.95270538,0,675.184021,106.9582977
2022/3/13 16:05,279376,9.91133213,5.704967022,2.288605475,37.37929153,11.50383091,629.440918,95.07222748,38.26940918,0,657.8238525,108.2712326
2022/3/13 16:10,279376,9.91133213,5.704967022,2.288605475,37.37929153,11.50383091,629.440918,95.07222748,38.26940918,0,640.3839722,108.4734726
2022/3/13 16:15,279377,9.327332497,5.527933598,2.288605475,37.65263748,11.51339722,587.1694336,86.95271301,37.812603,0,620.4732666,106.6604919
2022/3/13 16:20,279378,9.079335213,5.467600346,2.288605475,37.32341766,11.71844387,572.4442139,90.71986389,38.04695129,0,600.9614868,106.0833588
2022/3/13 16:25,279378,9.079335213,5.467600346,2.288605475,37.26045227,11.97220802,545.1868286,83.0207901,38.13469696,0,600.9614868,106.0833588
2022/3/13 16:30,279379,8.45933342,5.323067188,2.288605475,37.1375351,11.68574429,524.9899902,80.56506348,38.10654831,0,559.1756592,104.440239
2022/3/13 16:35,279379,8.134667397,5.24386692,2.288605475,36.68188095,11.90183449,507.8986206,82.52351379,38.05454254,0,537.4905396,102.4700546
2022/3/13 16:40,279379,7.838000298,5.154599667,2.288605475,36.84606171,11.802742,485.0738525,75.93562317,37.9258194,0,515.7687378,98.51496124
2022/3/13 16:45,279380,7.420667171,4.996266842,2.288605475,36.722229,11.73715115,460.0614929,71.52361298,37.68207932,0,493.0100098,94.03061676
2022/3/13 16:50,279380,7.08266592,4.911699772,2.288605475,36.69633484,11.8829174,442.7283325,72.6775589,37.69443893,0,471.5425415,91.42749786
2022/3/13 16:55,279381,6.774666786,4.828633785,2.288605475,36.56798935,12.09465504,424.4051819,72.59555054,37.9198761,0,450.6533508,90.54443359
2022/3/13 17:00,279381,6.4306674,4.725866795,2.288605475,36.46173477,11.92428589,403.7368774,69.87895203,38.11837769,0,428.7586365,88.3135376
2022/3/13 17:05,279381,6.042666435,4.586100101,2.288605475,36.49415588,12.26154423,381.165863,67.92050934,38.10617065,0,405.7576294,85.46057129
2022/3/13 17:10,279382,5.695333481,4.46993351,2.288605475,36.37945938,12.1048708,362.6383057,67.79382324,38.08000946,0,385.8675537,83.31493378
2022/3/13 17:15,279382,5.349999905,4.379200459,2.288605475,36.11021805,12.25606155,342.3731995,67.38658142,38.20849609,0,367.8670044,83.56453705
2022/3/13 17:20,279383,4.97266674,4.256833076,2.288605475,36.02778625,12.46124935,318.8101196,64.53271484,38.20700455,0,348.8115234,82.93070221
2022/3/13 17:25,279383,4.180000305,3.877200127,2.288605475,35.92180252,12.50477695,269.1956482,63.57553482,38.19441223,0,326.4893799,81.83494568
2022/3/13 17:30,279383,4.149999619,3.937300205,2.288605475,35.83967972,12.53898239,268.3318481,58.12302017,38.06548309,0,301.3277588,77.29393005
2022/3/13 17:35,279384,3.762666464,3.775433302,2.288605475,35.5336113,12.71308804,247.8885651,58.1894455,38.08865738,0,277.1579285,73.39229584
2022/3/13 17:40,279384,3.4306674,3.613933563,2.288605475,35.45468521,12.74486065,225.0364075,54.76890945,38.07680511,0,254.2748718,69.94507599
2022/3/13 17:45,279384,3.13999939,3.438966513,2.288605475,35.33436203,12.91249752,201.6504059,52.64464569,38.11935425,0,231.7935181,67.02204132
2022/3/13 17:50,279384,2.828000069,3.237100124,2.288605475,35.14925766,12.85254288,179.4399109,50.76105118,38.15053558,0,207.5543365,63.38617325
2022/3/13 17:55,279385,2.559333324,3.063633442,2.288605475,34.94221115,12.83490849,159.1400757,48.14738464,38.16754913,0,184.5306854,60.38587189
2022/3/13 18:00,279385,2.315333366,2.823166847,2.288605475,34.80703354,13.24268723,137.506485,44.43991852,38.13486862,0,163.6646271,57.32525253
2022/3/13 18:05,279385,2.113332987,2.395633221,2.288605475,34.62103653,13.43195343,113.2580414,42.18988419,38.05664063,0,140.637146,53.92767715
2022/3/13 18:10,279385,1.991999865,2.221633196,2.288605475,34.42404175,13.37000275,101.3428879,40.4475708,38.07769775,0,111.7255783,50.73521805
2022/3/13 18:15,279385,1.886000276,1.869999886,2.288605475,34.20001984,13.37934685,85.81113434,38.66190338,38.11703873,0,77.16011047,48.04813004
2022/3/13 18:20,279386,1.713333249,1.582800031,2.288605475,33.95802307,13.71711731,72.16368103,36.05360794,38.10451126,0,56.76927567,44.36659622
2022/3/13 18:25,279386,1.518000007,1.207166672,2.288605475,33.67887115,13.77768135,52.70125961,35.60784531,38.10215759,0,47.6475563,40.51621246
2022/3/13 18:30,279386,1.481333375,0.586133301,2.288605475,33.52099228,13.74458218,36.98966217,34.40534973,38.18222427,0,39.30141068,35.97252655
2022/3/13 18:35,279386,1.407333255,0.237666652,2.288605475,33.21599197,14.05219841,30.31734276,28.48843384,38.15939713,0,32.81889343,31.58192062
2022/3/13 18:40,279386,1.327999949,0.175800025,2.288605475,32.92554855,14.19707012,24.84976768,23.42970467,38.2452507,0,27.81564522,27.68768501
2022/3/13 18:45,279386,1.230666637,0.107166663,2.288605475,32.59844208,14.46582985,19.69776917,18.67811394,38.25984573,0,22.41644478,22.45310783
2022/3/13 18:50,279386,1.110666871,0.035833329,2.288605475,32.38744354,14.57761669,13.8220892,13.07162571,38.13562775,0,17.13713264,17.06040192
2022/3/13 18:55,279386,1.110666871,0.035833329,2.288605475,32.38744354,14.57761669,13.8220892,13.07162571,38.13562775,0,12.10218525,12.05433655
2022/3/13 19:00,279386,0.302000076,-0.019133331,2.288605475,32.1302948,14.6300869,5.755364418,5.377886295,38.02859497,0,8.397864342,8.594472885
2022/3/13 19:05,279386,0.300000042,-0.02093333,2.288605475,31.91441727,14.80331898,4.727881432,4.481742382,37.88505936,0,6.170323372,6.330022812
2022/3/13 19:10,279386,0.301333398,-0.021033332,2.288605475,31.68906403,14.90543175,3.759817362,3.446766376,37.77830505,0,4.596306324,4.841789246
2022/3/13 19:15,279386,0.300000042,-0.0001,2.288605475,31.59632874,14.94807053,2.249402523,1.983369708,37.69741058,0,3.861863613,3.568923473
2022/3/13 19:20,279386,0.300000042,0,2.288605475,31.23969269,15.61395168,2.780489445,2.600399494,37.64388657,0,3.644094467,3.647768021
2022/3/13 19:25,279386,0.300000042,0,2.288605475,30.62790108,17.07704163,3.996178865,3.722432613,37.61849213,0,4.02780056,4.212440968
2022/3/13 19:30,279386,0.300000042,0,2.288605475,30.1613121,17.75541496,4.239258289,3.877561569,37.56468582,0,3.8794384,4.123510838
2022/3/13 19:35,279386,0.300000042,0,2.288605475,30.24761581,17.51623344,1.898210049,1.619904518,37.48658752,0,3.030913591,3.267677784
2022/3/13 19:40,279386,0.300000042,0,2.288605475,30.03859711,17.61624336,1.900313616,1.788286209,37.42736053,0,3.030913591,3.267677784
2022/3/13 19:45,279386,0.300000042,0,2.288605475,30.59469032,15.92148018,0.491542459,0.612942159,37.4004631,0,1.222658277,1.964735627
2022/3/13 19:50,279386,0.300000042,0,2.288605475,30.60467339,16.41171074,0.754855871,0.804715812,37.30905914,0,1.292328954,1.899521112
2022/3/13 19:55,279386,0.300000042,0,2.288605475,30.60467339,16.41171074,0.754855871,0.804715812,37.30905914,0,2.723397255,3.052004337
2022/3/13 20:00,279386,0.300000042,0,2.288605475,29.59627342,18.27124786,3.308556318,3.044070482,37.29472733,0,3.200192451,3.427683353
2022/3/13 20:05,279386,0.300000042,0,2.288605475,29.19455719,18.93473434,3.411359072,3.02251029,37.27468491,0,3.370183468,3.721456766
2022/3/13 20:10,279386,0.300000042,0,2.288605475,28.88742638,19.36871338,3.205137968,2.922868729,37.25346375,0,3.364928246,3.742129326
2022/3/13 20:15,279386,0.300000042,0,2.288605475,28.61945915,19.64068222,2.876764297,2.641981602,37.2325592,0,2.990046024,3.318904161
2022/3/13 20:20,279386,0.300000042,0,2.288605475,28.33438683,20.28025436,2.663090467,2.435240746,37.2067337,0,2.785379171,3.143023729
2022/3/13 20:25,279386,0.300000042,0,2.288605475,28.1090889,20.77010536,2.637770414,2.433876276,37.21789551,0,2.928761005,3.284296036
2022/3/13 20:30,279386,0.300000042,0,2.288605475,27.66654205,20.90718269,3.764081478,3.403923273,37.18837357,0,3.152875185,3.776129961
2022/3/13 20:35,279386,0.300000042,0,2.288605475,27.26362991,21.72794914,3.393563271,2.958397388,37.12280655,0,2.823384285,3.171936274
2022/3/13 20:40,279386,0.300000042,0,2.288605475,26.88990974,22.14097214,3.371623278,3.087885141,37.08468628,0,2.601961136,2.909020424
2022/3/13 20:45,279386,0.300000042,0,2.288605475,26.54997635,22.63618279,3.035588503,2.870680094,37.03616333,0,2.455838203,2.702797174
2022/3/13 20:50,279386,0.300000042,0,2.288605475,26.59888649,23.18703461,1.682678819,1.388554215,37.02648926,0,2.300579071,2.502235889
2022/3/13 20:55,279386,0.300000042,0,2.288605475,26.76832199,22.96776772,1.098528385,0.714301348,37.04063797,0,1.883077741,2.180174351
2022/3/13 21:00,279386,0.300000042,0,2.288605475,26.87463951,22.58007813,0.945979238,0.618458927,36.94488907,0,1.858482838,2.149783134
2022/3/13 21:05,279386,0.300000042,0,2.288605475,26.95695114,22.42215729,1.118906498,0.817779839,36.94382095,0,2.111379862,2.019764423
2022/3/13 21:10,279386,0.300000042,0,2.288605475,26.89084816,22.45407677,1.306220651,1.038461804,36.93342209,0,1.949836254,1.977195621
2022/3/13 21:15,279386,0.300000042,0,2.288605475,26.58004761,22.61171722,2.179406643,1.875174642,36.90196228,0,2.166203022,2.278652906
2022/3/13 21:20,279386,0.300000042,0,2.288605475,26.12773132,23.98192024,2.97517705,2.691049337,36.83685303,0,2.553586721,2.678849697
2022/3/13 21:25,279386,0.300000042,0,2.288605475,25.63020134,24.36976242,3.028205395,2.716911793,36.80028915,0,2.553586721,2.678849697
2022/3/13 21:30,279386,0.300000042,0,2.288605475,25.1510334,25.68949127,3.201113224,2.841199875,36.77458954,0,2.917875767,2.970952511
2022/3/13 21:35,279386,0.300000042,0,2.288605475,24.85421753,26.39819336,2.730827093,2.336907148,36.73637772,0,2.571799994,2.654255152
2022/3/13 21:40,279386,0.300000042,0,2.288605475,24.85421753,26.39819336,2.730827093,2.336907148,36.73637772,0,2.585724354,2.790714264
2022/3/13 21:45,279386,0.300000042,0,2.288605475,24.91399384,25.68384552,1.683764219,1.33915031,36.62146759,0,2.819238186,2.809211493
2022/3/13 21:50,279386,0.300000042,0,2.288605475,25.03539276,25.74945641,1.574934602,1.252811909,36.57952499,0,2.927337646,2.934222937
2022/3/13 21:55,279386,0.300000042,0,2.288605475,24.78858185,26.52551651,1.844434738,1.546849012,36.51794815,0,3.148641825,3.229175568
2022/3/13 22:00,279386,0.300000042,0,2.288605475,24.2447319,28.05456734,3.066273689,2.754451036,36.48247147,0,3.238373995,3.225243092
2022/3/13 22:05,279386,0.300000042,0,2.288605475,23.72847176,28.44096184,3.191458941,2.800152063,36.44399643,0,3.191511154,3.269581556
2022/3/13 22:10,279386,0.300000042,0,2.288605475,23.4434967,29.15448952,2.939891815,2.591377497,36.41547775,0,3.028150558,3.093534946
2022/3/13 22:15,279386,0.300000042,0,2.288605475,23.1380558,29.5752182,3.019597769,2.747880459,36.41281891,0,3.073089123,3.029823303
